name,email,phone,age,sex,address,city
이예진,byeongceolgim@dreamwiz.com,061-655-5492,65,F,대구광역시 서구 반포대거리 (영호최리),충주시
박건우,songseungmin@dreamwiz.com,018-357-3270,9,F,전라남도 삼척시 오금거리,수원시
이미정,ogsuncoe@jusighoesa.com,063-269-0477,70,F,세종특별자치시 구로구 개포5길,충주시
이현지,jinu17@icoe.org,016-049-6917,80,M,경상북도 홍성군 선릉길 (진호임김읍),수원시 장안구
김하윤,siu10@ju.com,054-671-5016,27,M,서울특별시 관악구 논현가,고양시 일산동구
조준혁,vi@yu.com,064-789-1039,14,F,경기도 금산군 학동길,의정부시
강진우,songsanghyeon@ju.net,053-879-1116,19,F,세종특별자치시 강동구 서초중앙가,천안시 서북구
문아름,gweonjiyeon@naver.com,051-749-1727,77,F,경상북도 고성군 테헤란4로,용인시
나예원,jaeho61@hotmail.com,062-079-3343,38,M,경상남도 성남시 중원구 백제고분길 (하은지읍),제천시
홍지은,sangceol34@hwangbagbag.net,016-751-2164,37,F,경상북도 음성군 서초대707가,용인시
황현우,ti@hanmail.net,041-224-4577,54,F,경기도 오산시 개포78거리 (정수이면),영월군
김채원,hayun76@gimjangsong.net,02-2844-9216,7,M,경기도 충주시 잠실758길 (영자김동),음성군
김재현,myeongjai@yuhanhoesa.net,052-983-1363,77,F,경상남도 이천시 반포대219거리 (영일노동),보령시
박성수,yeongho51@naver.com,018-208-4537,51,F,대전광역시 강동구 서초중앙로,평창군
김순자,junhoi@yu.com,017-365-3458,41,M,제주특별자치도 진천군 백제고분가 (민수이송마을),청양군
이상훈,junseocoe@gimibag.kr,063-880-7497,79,M,대전광역시 용산구 테헤란길,양평군
김재현,ogim@ju.com,052-964-1587,29,F,서울특별시 은평구 선릉가 (예원이박마을),삼척시
안지혜,hyeonji26@ju.com,019-113-4879,48,F,충청남도 양구군 도산대816길,속초시
안건우,gimgeonu@nate.com,070-8653-5374,68,M,서울특별시 성동구 압구정가,아산시
박영철,gimjongsu@gmail.com,063-139-0037,6,F,광주광역시 관악구 봉은사가 (명숙김마을),구리시
이예은,yeeun27@naver.com,010-9753-5452,76,F,제주특별자치도 구리시 봉은사로 (정희이읍),청양군
이상호,ggim@dreamwiz.com,064-781-3027,76,M,서울특별시 종로구 오금로,이천시
이도현,jeongsu20@gimgim.com,055-699-1059,43,M,제주특별자치도 공주시 강남대가 (지훈김안마을),수원시 권선구
백재호,baggwangsu@hotmail.com,042-136-0074,8,F,전라북도 양양군 압구정거리,태백시
김영식,munmyeongsug@namhanyun.kr,061-989-7120,52,F,광주광역시 종로구 잠실7가 (은지노면),화성시
윤예지,jijiyeon@hanmail.net,016-971-6840,44,M,충청남도 부천시 서초중앙2거리 (서영김이면),태안군
박영일,yeonghwanbag@ju.net,064-717-2736,59,M,충청남도 횡성군 언주로,증평군
박지민,minjun77@dreamwiz.com,070-1284-5655,59,M,전라남도 성남시 수정구 양재천가,안산시 단원구
신영미,jinugang@jeoncoe.net,02-3043-8235,35,M,세종특별자치시 은평구 가락43로 (예은이동),정선군
김지아,si@gimgimseo.kr,055-308-9406,5,M,대구광역시 금천구 학동6거리,성남시 중원구
이예은,junseo62@gimyunyun.com,016-424-2608,63,M,대구광역시 동구 잠실거리 (준호김읍),시흥시
이광수,wi@hotmail.com,053-355-9480,43,F,경상남도 고양시 덕양구 서초중앙가,영월군
박영희,seungminbag@daum.net,017-861-1617,32,F,경기도 보은군 언주로,옥천군
박예은,seungmin44@sinryu.kr,062-765-1096,6,F,충청남도 안산시 단원구 잠실가,화성시
김미숙,hanyeongjin@dreamwiz.com,017-718-2966,53,F,경상남도 계룡시 서초대30가 (현지박이읍),부천시 소사구
김미숙,gyeongjagim@daum.net,011-651-8217,64,M,인천광역시 성동구 가락로,보령시
오보람,hyeonuhwang@yuhanhoesa.org,017-225-3993,47,M,대구광역시 남구 영동대로 (재현홍박면),수원시 권선구
박지영,ryang@ju.net,019-389-3522,67,F,충청북도 수원시 권선구 논현18길,동해시
이민수,gwangsu10@naver.com,042-146-5927,36,F,경상북도 당진시 잠실45로,영월군
박예진,haeun82@gimgweon.com,051-412-2511,20,M,전라북도 성남시 중원구 역삼거리,광주시
홍아름,ogim@daum.net,053-550-1177,27,F,경기도 하남시 양재천가 (성훈김백면),동해시
김민재,cunjagwag@live.com,019-741-6013,14,F,전라남도 동해시 석촌호수길,음성군
남상현,agim@jusighoesa.com,02-2907-7995,77,F,경상남도 강릉시 오금6길,충주시
박영진,jimin00@nate.com,063-142-8914,71,F,전라남도 보령시 강남대5거리,충주시
이미영,tgim@hanmail.net,041-708-0702,68,M,전라남도 용인시 처인구 잠실가 (서현최동),이천시
김정남,cmun@nate.com,010-0071-8587,55,M,대구광역시 강북구 강남대50거리,서산시
이서영,yeongceoli@gmail.com,02-9775-8148,70,F,인천광역시 서구 강남대가 (경자이면),성남시
서경희,jan@naver.com,043-641-6660,51,M,충청남도 강릉시 잠실로 (수빈김김읍),이천시
성현준,hyeonsug27@munsongcoe.kr,053-108-0724,45,M,부산광역시 서초구 언주8길,당진시
장민서,rbag@hanmail.net,042-226-7440,74,M,경상북도 속초시 테헤란35로 (민준이동),청주시 청원구
김진우,ycoe@yu.org,011-690-7363,10,M,전라북도 용인시 백제고분824로 (광수권류읍),광주시
김지아,ygim@nate.com,017-560-1777,46,M,강원도 용인시 기흥구 반포대205가 (지연홍김마을),성남시
장숙자,hyeonsug60@yuhanhoesa.com,043-350-3775,53,M,경상남도 수원시 영통구 테헤란0가 (미숙장마을),영월군
이서윤,qcoe@hongsim.kr,017-371-5379,64,F,광주광역시 강동구 강남대길,성남시
박하윤,jjang@jusighoesa.com,061-367-2730,66,F,충청남도 고양시 강남대31로 (유진김김면),의정부시
박진호,yeongsun95@hanmail.net,031-031-9937,67,M,인천광역시 도봉구 반포대28길,청양군
류상호,seoyeon53@yu.kr,062-506-7316,48,M,충청북도 동해시 반포대059거리 (상현황동),의정부시
김승현,seojun57@daum.net,016-449-4087,42,M,제주특별자치도 수원시 팔달구 석촌호수0가 (주원이리),논산시
박도윤,gimsumin@ju.org,019-555-6906,25,F,인천광역시 북구 도산대로 (하은김면),용인시 기흥구
오성진,yeongilgim@bagio.com,041-319-4693,77,F,충청남도 천안시 동남구 도산대로 (진우이박리),양주시
김진우,ljeong@ryubaggim.net,054-940-3613,18,F,광주광역시 서대문구 삼성367가,화성시
이영일,yeonghyigim@jusighoesa.com,010-0746-4725,21,M,전라북도 평창군 학동길 (민지고리),구리시
이명숙,seongsui@jusighoesa.com,042-305-8861,57,F,경상남도 예산군 서초중앙102길 (미정남박읍),아산시
윤예진,ujia@yuhanhoesa.com,061-062-3102,74,F,부산광역시 관악구 잠실04로,고양시 덕양구
김지현,jangsangceol@hanmail.net,043-709-2654,78,F,부산광역시 영등포구 석촌호수가 (영자김장마을),청양군
황서현,yeonggil80@yuhanhoesa.net,011-230-5556,31,F,대전광역시 영등포구 학동2로 (하은심마을),남양주시
송성호,eunji13@nate.com,061-561-0230,35,F,강원도 구리시 삼성27로,안산시 상록구
오지은,zryu@yu.net,053-375-5668,22,F,부산광역시 송파구 서초중앙로 (은정장윤마을),영동군
김동현,gimseonghun@jusighoesa.com,02-8487-2678,57,F,대구광역시 관악구 양재천길,동해시
남성현,wcoe@daum.net,02-0580-1950,43,F,충청남도 영월군 백제고분가,보은군
이경수,sonseonghun@yuhanhoesa.kr,016-694-0600,62,M,경기도 평택시 선릉가 (서준이이면),괴산군
서순옥,omyeongja@hanmail.net,018-812-2015,62,F,서울특별시 관악구 논현55가 (미숙이최리),청주시 청원구
김지영,seonghyeonbae@yuhanhoesa.com,018-245-8827,60,M,강원도 수원시 팔달구 도산대가,성남시 중원구
박성호,eunyeongan@johan.net,042-621-1232,40,M,세종특별자치시 강남구 학동로,음성군
한영호,jiujeong@dreamwiz.com,010-4868-5350,43,F,전라북도 서산시 언주로 (은정김리),고양시 덕양구
윤예은,hwangjiyeon@naver.com,018-892-6993,25,M,전라북도 부천시 원미구 논현로,광명시
김지후,xseo@yu.kr,02-2482-5460,14,F,전라남도 안양시 만안구 언주로 (서영황장리),청주시 서원구
하정수,xi@jusighoesa.org,051-318-7889,13,M,강원도 파주시 역삼600가,시흥시
권숙자,hanseonghyeon@baejangi.net,051-125-8900,19,M,전라남도 파주시 강남대거리,수원시 팔달구
김영철,cjo@dreamwiz.com,051-320-9729,58,M,울산광역시 송파구 잠실가 (지연진이동),남양주시
홍지후,sunoggim@hanmail.net,017-490-3743,37,M,광주광역시 강북구 압구정5거리 (예지김읍),성남시 수정구
허하윤,coejeongja@ibaggim.kr,017-466-3231,38,F,경기도 여주시 양재천6거리 (선영최한동),옥천군
이은지,eo@daum.net,063-600-9314,74,M,대구광역시 동작구 강남대길,청주시 서원구
곽영자,pi@dreamwiz.com,052-217-7227,47,F,경상남도 연천군 언주2로 (유진조김리),평창군
안영일,jeongung15@yuhanhoesa.org,052-045-4246,71,F,충청남도 보은군 가락111길,군포시
서지영,myeongsug12@daum.net,044-985-4313,62,F,대구광역시 동대문구 도산대5거리 (도현이박동),수원시
박지은,eunjugim@hotmail.com,053-784-4157,51,M,대전광역시 노원구 개포600거리 (상훈박강동),양주시
한주원,yejin10@hotmail.com,044-569-6447,15,M,경상북도 삼척시 역삼가,부천시
하영순,gimjeongung@gimyungim.net,011-383-2459,50,F,울산광역시 구로구 도산대32가 (영희김읍),금산군
이서윤,jihyeongim@yunami.net,010-7976-3181,56,F,충청북도 양주시 압구정3거리,고양시 덕양구
이영환,si@dreamwiz.com,055-928-8042,69,M,광주광역시 노원구 오금66길,음성군
김보람,jeongsugi@jusighoesa.net,033-432-5567,15,M,전라북도 수원시 영통구 백제고분494가 (현주노동),음성군
박현지,vgweon@daum.net,02-6427-3609,27,F,울산광역시 관악구 강남대거리,광주시
송미정,mjang@hanmail.net,032-276-9532,23,F,대구광역시 북구 가락9가,논산시
박춘자,myun@ju.com,051-848-1635,28,M,부산광역시 북구 영동대0거리,안양시 동안구
김지후,seonyeong86@dreamwiz.com,044-391-9588,49,M,경상북도 제천시 백제고분699가,천안시 동남구
오재현,yeongsuhong@jusighoesa.kr,011-899-0844,27,M,경상남도 안산시 잠실56거리,서산시
윤승현,myeongja16@hotmail.com,031-322-1883,39,F,충청남도 시흥시 석촌호수길 (하윤정조동),과천시
오명자,gyeonghyi96@daum.net,062-852-6648,43,F,제주특별자치도 당진시 반포대30로 (재호서문읍),고양시 덕양구
홍성민,vgim@live.com,02-6381-1122,37,F,전라남도 안산시 석촌호수93가,평창군
최상훈,gimjeongja@naver.com,02-7239-8819,32,F,대전광역시 성동구 삼성거리,수원시 장안구
김혜진,minjaehwang@jusighoesa.net,063-123-6290,48,F,울산광역시 구로구 잠실0로 (성호김마을),정선군
문건우,eungyeong03@gimi.com,02-1553-2310,51,F,전라남도 천안시 동남구 삼성392길 (민서박읍),계룡시
서영일,geonu03@daum.net,044-559-3777,21,M,경기도 광명시 언주거리,연천군
송예지,gimseunghyeon@ju.com,032-231-6869,70,M,인천광역시 성북구 논현길 (상철한리),철원군
문옥순,jcoe@gmail.com,062-300-6835,23,F,대구광역시 용산구 논현08로 (승민김동),청주시 흥덕구
김영철,gangogsun@yu.kr,070-2806-9599,61,M,부산광역시 남구 잠실844로 (순옥김이동),평택시
윤서윤,iyeonggil@hanmail.net,061-019-4354,55,F,제주특별자치도 보령시 잠실길 (아름김김면),철원군
박명자,byun@hotmail.com,070-9764-4382,36,F,대구광역시 용산구 양재천가,음성군
조현정,jeonghyigim@baegcoe.kr,032-593-1221,73,M,전라남도 진천군 가락6로,오산시
박준영,xgim@dreamwiz.com,019-915-9081,78,M,제주특별자치도 강릉시 오금376가 (준영성동),양주시
김정남,mi@jusighoesa.kr,032-001-2779,6,M,전라남도 이천시 가락로 (옥순김마을),포천시
권지연,jeonghogim@live.com,043-671-2368,26,M,대구광역시 강남구 강남대9길,단양군
장정웅,jyang@daum.net,070-9351-0766,7,F,광주광역시 강동구 강남대7길,수원시
김진호,yeongsuni@dreamwiz.com,053-482-7065,15,F,경상북도 천안시 서북구 개포58로 (서현김남읍),안산시 단원구
박영진,pbag@jusighoesa.com,017-659-4535,60,M,서울특별시 동구 가락65가,오산시
이종수,subingim@nate.com,063-910-1779,67,F,대구광역시 금천구 백제고분0가,청주시 흥덕구
김영일,seoyun66@live.com,052-022-9616,53,F,경상북도 보은군 석촌호수가 (준영이리),고양시 일산서구
박지현,baegyeongsu@baegjingim.org,019-943-3242,16,F,광주광역시 마포구 개포72거리,안산시
박현준,yyun@naver.com,053-273-4125,41,M,경상북도 정선군 영동대길,양주시
이정희,bagseoyeong@coebag.org,016-831-0768,37,M,강원도 홍성군 선릉72로 (순자박마을),양주시
정준호,myeongja75@iigim.kr,018-663-3770,29,M,충청북도 고양시 일산서구 테헤란가,철원군
안정웅,fbag@ju.kr,017-225-7628,78,F,인천광역시 금천구 서초대가,태백시
이지영,yeongilu@naver.com,010-6307-1780,73,F,대구광역시 구로구 도산대7거리,고양시 덕양구
이지혜,jeongsun96@nate.com,031-157-2916,49,M,대전광역시 서초구 가락2가,고양시 일산동구
엄영일,jiyeon94@jusighoesa.org,018-151-1810,65,F,울산광역시 서초구 석촌호수가 (건우서김마을),춘천시
황상철,seunghyeon45@hanmail.net,051-422-1602,18,M,제주특별자치도 남양주시 역삼6가 (민지차김리),음성군
장지원,ogsunmin@naver.com,02-6933-3554,47,F,서울특별시 강북구 양재천71가 (준호지리),충주시
조동현,jimin45@gimhong.com,016-003-5121,22,M,대구광역시 도봉구 언주길 (우진김동),용인시 수지구
이순자,ijeongsun@hanmail.net,061-746-2928,68,F,전라남도 용인시 수지구 선릉586가,평창군
김현우,jeongsig77@yuhanhoesa.com,018-063-2529,62,M,대구광역시 도봉구 봉은사로 (영자최읍),삼척시
류준서,igim@daum.net,018-912-3019,16,F,강원도 수원시 양재천로,동해시
류정남,gimhyeonsug@hotmail.com,016-553-8380,48,F,충청남도 계룡시 서초중앙가,성남시 중원구
김지연,junho46@nate.com,041-894-9848,15,F,대구광역시 마포구 서초대08길 (성민김면),남양주시
최서연,eungyeong73@bagyun.com,017-500-3170,7,F,대전광역시 송파구 잠실로,김포시
유예은,simyeongsu@bagbag.org,052-152-7252,18,M,경상북도 속초시 백제고분가,평창군
오성훈,sangceol96@naver.com,054-564-4009,61,F,대전광역시 중랑구 개포888가,군포시
홍영순,igweon@gmail.com,063-948-6891,62,F,인천광역시 용산구 석촌호수53로,계룡시
이미숙,hi@hanmail.net,031-170-6622,14,M,제주특별자치도 양평군 압구정로,음성군
김정수,minjae87@bagguno.com,061-220-0787,11,M,경상북도 양평군 백제고분54길 (서준문마을),천안시 서북구
김민지,sangceolca@bagjeongcoe.com,041-983-9599,60,M,울산광역시 종로구 봉은사435길,철원군
김경희,coejiyeong@anryugo.kr,052-195-3762,75,M,강원도 가평군 선릉거리,양평군
김채원,hanseonghyeon@nate.com,019-765-7218,66,M,경기도 김포시 도산대길,천안시 동남구
김영자,judonghyeon@nate.com,017-714-4025,10,M,전라북도 고양시 일산서구 서초중앙50길,금산군
지민수,bagseoyeon@yu.kr,053-547-9426,56,M,전라북도 과천시 양재천가,의정부시
김민재,pbag@live.com,064-778-1029,30,F,전라북도 고양시 학동길,춘천시
김현지,sinhayun@iha.net,064-767-8036,9,M,인천광역시 서대문구 반포대85가 (영자양서마을),양양군
김진호,ngim@daum.net,019-441-7734,7,F,부산광역시 노원구 논현306길,영월군
김미경,jimingim@baeu.net,017-012-7908,56,F,경상북도 양주시 서초대가 (현우이동),포천시
이승현,sinsunog@ju.org,033-362-8080,77,F,서울특별시 서초구 반포대37거리 (수민강읍),부천시 오정구
김예지,ogsun65@ju.net,042-148-6753,70,M,세종특별자치시 중랑구 압구정1거리 (은지서동),연천군
김은서,ryusiu@yuhanhoesa.com,043-674-5030,27,M,광주광역시 강동구 오금가 (정호최면),포천시
김지후,caeweon37@ju.com,054-203-8282,69,M,대전광역시 송파구 도산대로,화천군
백수민,gbae@dreamwiz.com,052-477-4298,71,M,경기도 고양시 덕양구 개포가,용인시
최진호,hongminseog@gmail.com,053-925-5221,36,M,제주특별자치도 청주시 흥덕구 백제고분836길 (명자윤김동),제천시
최주원,wgim@jusighoesa.com,052-312-3530,31,F,경기도 서천군 영동대5로 (정훈김김면),당진시
심상철,jaeho29@dreamwiz.com,010-0148-0427,30,M,대전광역시 성북구 오금길 (윤서이리),청양군
송지연,minjio@jusighoesa.net,052-227-9314,42,F,부산광역시 종로구 오금60거리,안양시
박민재,jiu59@dreamwiz.com,010-1543-5940,5,F,인천광역시 강북구 학동가 (춘자황면),성남시
이민재,jeongja92@yuhanhoesa.com,055-304-2166,45,M,제주특별자치도 연천군 도산대거리,원주시
이성민,ihong@ihanbag.net,017-923-4944,73,M,인천광역시 서초구 서초대95거리,부천시 소사구
김윤서,ihyeonjeong@yuhanhoesa.kr,051-899-9775,6,M,대구광역시 서초구 오금4로,논산시
이지혜,minjii@yuhanhoesa.net,018-503-6990,44,F,제주특별자치도 단양군 봉은사가 (현지김면),강릉시
이광수,mijeonggim@hangoo.net,063-783-8895,10,M,서울특별시 금천구 반포대가 (예원박마을),김포시
심은주,wgim@ju.com,063-652-2776,15,M,인천광역시 영등포구 영동대5거리,금산군
김선영,seoyeongim@hotmail.com,062-974-2222,46,M,전라북도 부천시 소사구 도산대길,고양시
이현정,jihungo@hanmail.net,010-6552-2410,33,F,경상북도 화성시 역삼27가 (예지김김동),구리시
이영수,kcoe@yu.com,02-5082-5838,68,M,충청북도 서천군 서초대991가,동해시
김민수,jeongsig17@bagbaghan.com,041-355-5541,11,M,전라남도 화천군 가락거리 (현숙한읍),춘천시
권현지,ncoe@gmail.com,010-0132-5694,45,M,경기도 용인시 압구정3가 (성민황면),하남시
김영길,yeonghoji@bagyun.kr,019-198-0244,56,M,경상북도 인제군 석촌호수거리 (지혜김김면),고양시 덕양구
이승민,jbag@yangcoe.kr,011-652-2909,47,M,인천광역시 남구 강남대가 (수민한마을),용인시
이은경,jihyejang@dreamwiz.com,017-259-2326,39,M,경상남도 홍천군 선릉077거리,의정부시
박성호,hgim@hotmail.com,018-161-2505,74,F,경상남도 고성군 서초중앙로,원주시
김정수,gimminsu@yuhanhoesa.net,070-4970-3206,74,M,경기도 양평군 봉은사거리 (경숙박최마을),부천시 원미구
진성훈,geonui@jusighoesa.kr,052-223-0355,12,M,경상북도 용인시 처인구 학동길,충주시
조지혜,gimmijeong@gimgimi.org,02-3698-1881,71,F,서울특별시 은평구 역삼094거리,청주시 청원구
이선영,ganghyeonju@naver.com,033-381-4229,75,M,경기도 수원시 장안구 오금09거리,부천시 소사구
신민수,ogweon@igweoncoe.com,055-322-5072,73,F,전라북도 보은군 가락길,서천군
이현정,eseo@igimgim.com,032-854-2211,65,M,세종특별자치시 북구 석촌호수거리,공주시
김경숙,rgweon@ganggugim.org,016-033-1002,5,F,대전광역시 서대문구 강남대18가,서산시
심지아,songhyeonju@hotmail.com,041-688-2224,41,F,광주광역시 강서구 삼성1로 (상철박박읍),안산시
김지우,sunjaseo@yu.org,043-207-9572,75,M,울산광역시 용산구 백제고분로 (옥순이리),성남시 수정구
안민수,subin93@live.com,043-272-7607,40,F,광주광역시 동작구 선릉448가,이천시
박영일,yeonghyi26@naver.com,033-341-1509,19,M,부산광역시 성북구 선릉6길,과천시
김은주,isangho@hotmail.com,011-457-4512,43,M,제주특별자치도 화성시 잠실12로 (서연이마을),안산시
김민수,bgang@ju.kr,032-853-9226,59,F,충청북도 이천시 영동대길,하남시
이민준,yuhaeun@yu.com,016-614-0464,56,M,전라북도 이천시 반포대거리,태안군
홍정호,misugyang@hotmail.com,041-418-7095,41,F,대구광역시 동작구 가락2길 (수민황리),김포시
이정남,hyeonjeong03@jusighoesa.net,016-025-9091,26,F,울산광역시 성동구 개포가,인제군
송경숙,gimhyejin@dreamwiz.com,061-598-4409,32,F,세종특별자치시 관악구 도산대거리 (상호이최마을),천안시 서북구
강건우,hyeonjui@dreamwiz.com,02-7776-0100,29,M,인천광역시 구로구 삼성12로,삼척시
김민지,gimjihye@ju.kr,031-402-7339,65,M,울산광역시 강북구 서초대길 (미영이이리),고양시 덕양구
김영일,yunbyeongceol@yuhanhoesa.com,017-040-0014,14,F,세종특별자치시 금천구 압구정길 (영숙김리),광명시
김지영,seoyeonghyi@dreamwiz.com,064-707-0151,62,M,대전광역시 강북구 학동가 (미영이리),의정부시
박은주,hbag@yanggim.com,061-516-7821,67,M,부산광역시 강서구 강남대04거리 (성수김리),광명시
이경수,yeongjinhan@naver.com,061-754-6469,77,M,전라남도 안양시 논현57길,보령시
이지아,jinho82@gimi.org,070-2377-0904,70,M,광주광역시 성동구 영동대로,영월군
남성수,yeongsunsong@gimi.com,018-699-2004,38,M,전라남도 성남시 수정구 서초대3로 (영철박최마을),안산시 상록구
차경자,jgim@bagsimca.kr,051-121-2685,72,F,대전광역시 관악구 서초대거리,고양시 일산동구
최상훈,seonyeonggweon@yuhanhoesa.com,02-1254-2364,6,M,충청북도 평창군 압구정287거리,동해시
류춘자,seongmin25@hanmail.net,061-270-4129,75,F,대구광역시 금천구 강남대로 (민수김읍),포천시
박재현,ijeongsug@hanmail.net,016-732-0079,43,F,제주특별자치도 수원시 영통구 강남대거리,옥천군
문현준,seojunbae@naver.com,044-617-8940,71,F,대전광역시 관악구 도산대2로,성남시
김서현,heohyeonsug@gmail.com,063-591-3705,72,M,부산광역시 은평구 논현2거리,당진시
권정순,ei@ii.com,02-3204-5740,42,M,충청북도 공주시 서초중앙9가 (지현고마을),이천시
김보람,donghyeon74@gimgimbag.net,064-788-4930,65,F,제주특별자치도 논산시 역삼067거리,양구군
김현준,sangceolan@daum.net,02-6910-3302,78,M,부산광역시 송파구 논현2거리,여주시
조정남,sugjaseo@ju.org,061-755-0042,18,F,서울특별시 중구 영동대가,홍성군
김미정,najeonghun@bagseoryu.kr,016-817-3064,60,F,경상북도 아산시 테헤란거리,군포시
김미정,bagjinu@hanmail.net,018-900-1443,24,M,부산광역시 종로구 가락로,안산시 상록구
백옥자,kbag@gimgimbae.kr,052-773-0072,45,F,경상남도 청주시 청원구 석촌호수254가 (정숙김면),옥천군
안현준,qgim@ioson.org,051-858-6057,21,M,전라남도 광명시 개포길 (경수최이읍),단양군
김정수,kgim@daum.net,016-409-1823,19,M,부산광역시 구로구 압구정1길 (현지김리),부천시
김중수,cryu@naver.com,061-828-2806,11,M,대구광역시 성북구 반포대길,강릉시
장준호,janggwangsu@hongjang.kr,051-869-1430,60,M,대구광역시 서구 백제고분로 (도현강정마을),안산시 단원구
지예진,vgim@gimi.kr,054-645-6393,34,F,경기도 용인시 수지구 학동2길,과천시
김재호,siui@hotmail.com,052-638-8164,34,M,세종특별자치시 마포구 삼성거리 (미숙김면),태백시
최채원,myeongja88@naver.com,051-006-8752,75,M,충청북도 충주시 강남대가 (경희최안동),춘천시
손승현,eungyeongi@yuhanhoesa.net,041-987-0786,17,F,경상남도 춘천시 삼성가 (정훈이배마을),화천군
박성현,jeonghun81@dreamwiz.com,018-266-1330,77,F,인천광역시 마포구 가락937거리,파주시
박명숙,ijeonghyi@jusighoesa.com,033-947-4032,72,F,강원도 용인시 수지구 선릉60거리,양구군
노현숙,gimsunog@daum.net,052-966-3799,11,M,강원도 안성시 잠실15가 (서연신마을),군포시
박지훈,xbag@nate.com,052-446-5138,79,M,대전광역시 성북구 논현001길 (지민홍마을),안양시 만안구
김승현,ogim@gmail.com,062-515-0051,18,M,인천광역시 중구 가락4길 (승현류성면),양구군
윤영호,sumin44@naver.com,018-501-1497,20,F,충청북도 용인시 선릉60가 (성훈김마을),부천시 소사구
나상현,hbaeg@jusighoesa.org,033-985-3363,59,F,대전광역시 금천구 언주16가,의정부시
이영일,imyeongja@hotmail.com,052-094-9929,42,F,전라남도 광명시 양재천거리 (영호김읍),용인시
김주원,seongminseo@igimgim.net,016-665-0463,26,F,부산광역시 남구 잠실21길,의왕시
박경자,songyeji@gmail.com,052-683-3729,78,M,전라북도 논산시 봉은사8거리 (현우김박면),화성시
박재호,jinhohong@ohwang.net,052-715-4245,74,F,전라북도 부여군 백제고분003로 (시우오읍),이천시
김재호,gimyeongil@yu.com,051-730-2200,67,M,인천광역시 구로구 오금85가 (진호김최동),천안시 서북구
최영미,imyeongja@dreamwiz.com,032-139-7900,40,F,경상남도 안성시 잠실거리 (은정장면),보령시
배성진,dcoe@hanmail.net,010-9793-5536,62,M,제주특별자치도 수원시 장안구 논현가,양구군
김옥순,hyeonjigim@daum.net,043-335-4667,69,F,대전광역시 강남구 석촌호수534길 (정순김면),당진시
이순자,jaehobaeg@hotmail.com,051-196-3969,62,M,충청북도 보은군 반포대거리,영월군
박정순,jungsui@yu.kr,019-767-7130,45,M,전라남도 안양시 만안구 양재천2로 (승현김읍),안양시
이영길,hyeonjungim@daum.net,043-487-4875,30,F,서울특별시 강동구 논현거리 (민준최김동),화천군
손영숙,oi@hanmail.net,070-4575-0993,58,M,충청남도 부천시 가락가 (민서이류마을),청주시 청원구
손서현,yangjihye@naver.com,061-807-7939,61,M,대구광역시 강서구 강남대거리 (현우김읍),안산시
최순옥,heoyeonghwan@yuhanhoesa.com,010-4639-5841,76,F,전라북도 청주시 청원구 서초대12길,논산시
김현주,nbag@naver.com,016-468-4317,42,M,부산광역시 성동구 선릉2가,원주시
홍영미,eunjuseo@yuhanhoesa.com,016-460-6076,27,M,세종특별자치시 동구 선릉3거리 (영진김권동),삼척시
김정남,migyeong78@jusighoesa.kr,070-6621-4130,72,F,부산광역시 송파구 강남대거리 (예원최동),고양시
고예진,juweoni@baggimgim.kr,070-8291-8510,79,M,경상남도 청주시 서원구 서초중앙8거리 (성진최동),수원시 장안구
이정호,gimjunhyeog@nate.com,061-838-5067,74,M,충청북도 삼척시 석촌호수88거리 (우진배리),홍성군
김현준,yeongmi41@gimcacoe.kr,033-303-4421,45,F,전라남도 속초시 반포대길,금산군
김영식,yeongceolgim@imun.org,061-954-1407,80,M,전라남도 제천시 서초대거리,수원시
서도윤,no@naver.com,031-906-2751,72,F,전라북도 논산시 테헤란로 (병철노김리),용인시 처인구
김은주,seojungim@daum.net,032-225-5994,46,F,강원도 용인시 처인구 강남대878로,수원시 팔달구
김성민,wseo@yuhanhoesa.com,062-539-9719,23,F,대전광역시 성동구 서초대로 (옥자한심마을),정선군
전승현,doyunbag@gmail.com,033-280-0351,29,M,광주광역시 강북구 개포637거리 (도현이최리),천안시 동남구
최정자,jeonghyian@naver.com,051-438-1363,57,M,충청남도 용인시 기흥구 개포265가 (선영손읍),가평군
박준혁,yeongceol67@daum.net,033-494-8971,21,M,충청남도 안양시 압구정02가 (정식김한면),음성군
조승민,ogsun73@yuhanhoesa.com,032-521-1859,47,F,제주특별자치도 제천시 봉은사3로 (미숙최마을),횡성군
장지민,jihye41@naver.com,011-176-0933,63,M,충청북도 옥천군 가락400길,용인시 수지구
김성현,bagjihun@dreamwiz.com,063-503-4011,77,F,서울특별시 동구 백제고분162로 (정자황하면),화성시
강준영,bagseongjin@nobagcoe.kr,055-256-9544,21,F,대구광역시 광진구 영동대로 (영일이읍),남양주시
최수빈,ibae@yuhanhoesa.net,051-672-3501,77,M,제주특별자치도 과천시 석촌호수거리 (수진최권면),춘천시
권정식,jiminbag@gimmun.com,010-4748-0678,51,F,서울특별시 관악구 가락6로,군포시
이지은,jaeho38@gimgimi.kr,061-183-5408,67,M,경상북도 보령시 도산대2길 (성진장박마을),천안시 동남구
김옥순,iseoyun@daum.net,043-673-9759,20,F,대구광역시 구로구 언주638가,예산군
권승현,sunog17@live.com,051-613-7623,23,F,인천광역시 동구 잠실가 (아름손노면),안양시
김재호,junho01@nate.com,070-8527-6703,5,M,광주광역시 동대문구 봉은사거리 (현정손박동),안산시
김서영,si@hanmail.net,062-656-9454,78,M,충청북도 서천군 논현341로 (선영김김읍),동두천시
장혜진,hwangminseo@jusighoesa.com,043-780-1074,28,M,대전광역시 강남구 양재천거리 (영희최마을),춘천시
양은서,iyeweon@baghano.kr,061-536-7402,21,M,경기도 성남시 분당구 도산대길 (정수고류읍),강릉시
김미숙,agim@naver.com,062-790-6196,64,F,서울특별시 양천구 반포대길,정선군
한준서,muneunji@hotmail.com,063-295-8090,22,M,부산광역시 금천구 테헤란거리 (수빈서구동),천안시 서북구
임현정,jongsu53@gimi.com,062-427-2487,20,F,제주특별자치도 부천시 원미구 백제고분030가,광주시
김지후,minjibag@dreamwiz.com,054-475-6979,56,F,경상남도 예산군 삼성3가 (경희이리),태백시
김주원,ygang@gangi.org,051-409-6640,50,M,전라북도 하남시 강남대73거리 (종수손읍),천안시 서북구
김종수,heojungsu@hwangbag.org,061-458-7723,65,M,세종특별자치시 서초구 오금길,성남시 분당구
김승민,minsu24@hanmail.net,053-534-6347,58,M,대전광역시 북구 반포대거리,용인시 처인구
박은주,yeongceol58@yu.kr,018-861-0117,57,M,전라남도 제천시 서초대469로 (승현윤면),횡성군
윤채원,gi@naver.com,017-873-9864,51,F,제주특별자치도 천안시 동남구 개포거리 (지아서김읍),옥천군
유미숙,ygim@live.com,051-610-5713,70,M,광주광역시 동작구 서초대거리,홍성군
강정호,fbag@iu.com,070-1414-2653,70,F,인천광역시 서구 도산대가 (현지김리),광명시
김민준,yeongsug72@naver.com,053-087-8871,66,F,전라북도 용인시 기흥구 압구정2길 (순자김김동),시흥시
김현숙,eunju28@yuhanhoesa.com,032-812-2579,71,M,전라남도 안산시 단원구 잠실거리,옥천군
김영순,ohyeonsug@dreamwiz.com,063-975-4400,74,F,세종특별자치시 도봉구 백제고분거리 (민서김리),화성시
한경희,si@gimgim.kr,041-874-3779,32,F,광주광역시 강북구 양재천로 (정자차이마을),제천시
이진호,hyeonu01@daum.net,016-926-8470,40,M,전라북도 청주시 청원구 선릉5거리 (은영김동),공주시
윤선영,hajihu@hotmail.com,064-746-3548,8,M,전라남도 양양군 언주가,횡성군
박정훈,minjungim@daum.net,018-337-6157,60,M,강원도 부천시 오정구 강남대493거리,음성군
김경숙,fgim@bagi.net,041-337-4116,27,M,대구광역시 광진구 백제고분8로,서산시
이성민,yeweono@gmail.com,032-940-5634,68,F,경상남도 춘천시 백제고분가 (지우문마을),안산시
이승현,junseogim@ancoegim.net,02-6132-0790,46,M,경기도 광명시 선릉로 (현주박박리),천안시 서북구
박현준,yeonghwangim@hanmail.net,070-5694-0669,80,F,경상북도 인제군 잠실58거리 (준혁오손동),천안시 서북구
최민석,sanghosong@ryugimbag.net,019-282-6674,9,F,대전광역시 강동구 서초대로,시흥시
양민재,isunja@gmail.com,018-174-1500,32,F,제주특별자치도 아산시 오금3가 (지훈김면),횡성군
박정남,eunjeongbag@hanmail.net,011-717-8706,59,F,울산광역시 양천구 강남대거리 (재현남박면),증평군
김광수,egim@yuhanhoesa.kr,017-706-7666,15,F,제주특별자치도 천안시 동남구 백제고분거리 (예은강마을),철원군
성하윤,vheo@hotmail.com,070-2360-1129,52,M,충청북도 춘천시 테헤란286로 (영일박손동),이천시
박영희,ngim@baggim.com,016-975-5230,60,F,충청남도 안산시 상록구 언주799로,천안시 동남구
박정숙,jeongung34@gmail.com,043-283-7325,60,M,울산광역시 성북구 봉은사길 (상현박강리),홍천군
허정남,ogjano@yu.com,02-0617-6765,57,M,대구광역시 서초구 도산대길,고양시 일산동구
박준서,jaehyeonhan@ihanyun.com,064-703-3554,45,M,경기도 양주시 석촌호수14길 (성현송동),이천시
허주원,gangdonghyeon@bagigweon.org,010-2699-2882,77,M,서울특별시 광진구 역삼3가 (윤서이마을),속초시
김성훈,seohyeonjo@hanmail.net,053-464-4396,7,M,충청북도 청주시 청원구 테헤란375거리,광주시
한영미,vo@jusighoesa.org,053-402-6868,15,F,경기도 하남시 서초대로 (재호차김읍),용인시
윤정남,jongsu52@yuhanhoesa.kr,041-902-9759,31,F,광주광역시 중랑구 학동거리,연천군
곽지연,hanhayun@jusighoesa.com,062-026-2204,30,M,전라북도 홍천군 양재천거리 (정희김읍),광주시
김민수,han@hotmail.com,070-8219-7632,34,M,충청북도 평창군 논현거리 (승현김김리),연천군
권지영,kgim@gimcoei.kr,016-081-7633,73,F,경상북도 화성시 논현가,의정부시
나성호,jinhogim@gimgim.com,011-016-7711,13,M,충청남도 포천시 학동7가 (예준김류리),시흥시
노예은,jeonghyi26@daum.net,052-138-9219,30,M,강원도 남양주시 가락로,청주시 상당구
심혜진,gimseojun@nate.com,011-328-8540,66,F,광주광역시 강북구 석촌호수583로,영동군
이윤서,jangseonghun@live.com,052-143-5502,52,M,충청남도 안양시 동안구 서초대로 (성진박김동),동두천시
이보람,junhyeogbag@ugimi.com,041-038-1126,11,M,부산광역시 강동구 오금거리 (은지김리),여주시
이정웅,gseo@imjanggim.com,032-222-3878,34,F,전라남도 평택시 양재천길,안산시 상록구
이민석,jia14@jogim.kr,064-725-8115,33,M,광주광역시 양천구 백제고분3길 (서현김마을),철원군
윤예지,ijihu@gwagyungim.com,02-1782-1919,27,F,경상북도 연천군 삼성로 (미숙박읍),청주시 청원구
박진우,miyeongjang@hotmail.com,031-192-6748,31,M,부산광역시 성북구 봉은사거리,부천시
김선영,gwangsu03@naver.com,031-388-9112,79,M,제주특별자치도 춘천시 백제고분62거리 (서윤이김마을),고양시 덕양구
나병철,juweon87@hanmail.net,018-923-1000,32,M,충청남도 동두천시 강남대길,보령시
이영숙,byeongceol55@jusighoesa.org,043-366-9534,49,M,충청남도 정선군 언주가,논산시
남수민,myeongja01@yunnaha.com,053-065-1910,78,M,전라남도 양주시 백제고분288로,용인시 처인구
김정숙,gimhyeonju@yuhanhoesa.kr,031-447-7259,76,M,세종특별자치시 성북구 오금74거리 (경희유이마을),이천시
최영수,coejeongja@yuhanhoesa.kr,063-675-2850,34,M,서울특별시 구로구 오금로,진천군
고지혜,hyeonsug04@daum.net,02-2231-4466,5,F,서울특별시 용산구 삼성가,오산시
박성훈,jiyeongi@daum.net,051-990-6128,56,F,경상남도 보령시 도산대거리 (우진이리),태백시
김민지,lyun@hotmail.com,011-761-9914,59,F,충청남도 성남시 분당구 역삼로,동해시
이병철,cunja98@hanmail.net,031-357-7182,23,F,전라북도 부천시 원미구 서초대로 (경숙김박동),가평군
허지아,caeweon88@nate.com,019-505-4469,62,M,대구광역시 중랑구 반포대길,영동군
송도윤,xi@yu.com,016-644-5016,79,M,제주특별자치도 의왕시 역삼거리 (서준김동),구리시
민승현,ijunseo@baggim.com,019-723-4930,41,F,세종특별자치시 강동구 압구정53길,안산시 상록구
안재현,jangyeongsu@songgimgang.com,054-300-4646,18,M,서울특별시 영등포구 가락로 (민재최민리),파주시
박예진,wbag@ii.net,031-980-7155,20,F,전라남도 계룡시 봉은사980가 (승현고마을),안양시 동안구
양정희,myeongsugyang@dreamwiz.com,016-906-1560,5,M,경기도 천안시 동남구 논현길,수원시 권선구
이준영,junhyeog91@baegbagjeong.com,043-081-0959,10,F,대전광역시 강남구 서초대길 (주원한동),아산시
박영자,yeongja58@jusighoesa.com,052-088-9979,23,M,부산광역시 관악구 서초중앙1로 (민석김마을),제천시
차경희,minseog98@angoryu.org,043-274-3306,49,M,대구광역시 종로구 잠실74로,단양군
김은정,bagyeongja@nate.com,031-433-8372,41,M,경상남도 천안시 동남구 테헤란3로,영동군
송서영,bbag@hotmail.com,033-974-0864,53,F,대구광역시 동구 서초중앙135로,예산군
최동현,ogsun46@dreamwiz.com,044-986-2584,42,M,경기도 과천시 양재천942로,부천시 원미구
김상현,di@yuhanhoesa.kr,053-614-2198,7,F,충청북도 광명시 영동대883로,하남시
이아름,rsong@ju.org,018-423-0908,37,F,세종특별자치시 송파구 역삼33길,인제군
박성수,seongminbag@hwanggo.com,044-552-3851,23,F,대전광역시 강서구 잠실가,청양군
윤종수,yeongja80@yu.kr,063-881-7038,8,F,전라남도 양평군 압구정길 (혜진김마을),부천시 원미구
엄선영,ryuhyeonjeong@nate.com,02-3811-8755,47,F,대전광역시 도봉구 봉은사292길,성남시 중원구
이광수,baggyeongsug@yuhanhoesa.com,044-241-5662,20,F,경상북도 안양시 영동대거리 (정남이면),가평군
이서윤,gimjeongsug@yu.kr,063-910-9605,67,F,인천광역시 남구 오금길 (예진김동),가평군
배중수,li@ihan.net,055-239-4058,19,M,세종특별자치시 동대문구 역삼가 (지영하마을),부천시 오정구
이은주,iyang@jusighoesa.net,051-854-0864,66,M,경상북도 서산시 서초중앙길,진천군
이준영,ngim@naver.com,044-808-1636,51,M,경기도 양평군 테헤란로,남양주시
신시우,yan@jusighoesa.net,063-021-3854,46,M,충청북도 횡성군 선릉2가,음성군
박상현,seojun49@yuhanhoesa.net,02-7767-0883,29,F,경상북도 보은군 논현440로,화천군
김명숙,tsong@igo.net,033-872-6712,72,M,제주특별자치도 충주시 봉은사4로 (윤서김성읍),고성군
심영길,yeongceol55@yu.net,016-421-0676,65,M,울산광역시 중랑구 서초대18길 (예원김이면),영월군
이상현,aju@hotmail.com,063-071-6734,79,M,경상북도 고양시 가락538길 (춘자류면),오산시
장영호,yeongjinhan@ju.org,044-370-5523,30,M,경기도 부천시 양재천길,안산시
서성진,jeonghyi79@gmail.com,041-463-7886,18,M,부산광역시 서구 백제고분67거리 (민수김나리),안성시
이상철,minseoggim@iju.com,010-5219-6110,35,F,서울특별시 남구 서초중앙93로,과천시
최건우,hyejin71@hangim.com,010-1682-0199,10,M,대구광역시 동구 논현8길,김포시
한경희,jinugang@yu.com,019-557-7628,56,M,세종특별자치시 동대문구 언주8가,고양시 일산서구
박정호,byeongceol34@live.com,063-508-2035,50,M,광주광역시 도봉구 오금45거리,부천시 원미구
오현준,ri@gimgimgang.org,063-018-7426,30,F,광주광역시 서대문구 개포거리 (민석김구마을),청양군
강종수,gyeongsu80@dreamwiz.com,031-721-6976,43,M,전라남도 부천시 소사구 삼성거리 (준혁서엄마을),수원시 영통구
이서영,gyeongjai@yu.com,044-139-2507,62,M,울산광역시 강서구 학동길,포천시
이지원,jeongsig46@gimjang.com,042-010-0960,59,F,부산광역시 북구 압구정로,용인시 처인구
이현주,anhaeun@ii.org,070-8371-0059,19,M,인천광역시 서초구 가락가 (미정황이읍),평택시
곽영희,tgim@cajin.org,061-469-2197,32,M,인천광역시 송파구 압구정가 (서영강김리),수원시 장안구
황도윤,ysong@hotmail.com,016-006-1652,50,M,강원도 천안시 동남구 반포대1로 (진호이마을),부천시 원미구
오민석,ujingim@yuhanhoesa.kr,016-020-9096,38,M,울산광역시 서초구 가락2길 (도현최리),천안시 동남구
김광수,ibag@gmail.com,055-634-3899,7,F,전라남도 철원군 도산대482로,옥천군
최정수,yeongmi54@yu.com,031-056-6545,44,M,전라남도 광명시 역삼344가,평택시
허현숙,sanghyeon84@jusighoesa.com,044-189-8013,7,F,제주특별자치도 안양시 만안구 석촌호수1가 (성훈이동),부천시 소사구
이은서,bgim@gimbaeji.net,051-540-0010,14,M,전라남도 수원시 반포대로,수원시 권선구
강우진,gimjuweon@gmail.com,016-471-6507,17,M,충청북도 부천시 소사구 오금7가 (정남오동),용인시
김시우,gcoe@ju.org,044-852-4926,12,F,서울특별시 성동구 선릉81거리 (성호최윤동),태안군
이준혁,wcoe@yu.com,02-3721-0280,25,M,울산광역시 도봉구 선릉로,성남시 분당구
이정호,xbag@nate.com,070-3534-6398,69,F,충청남도 홍성군 봉은사904로 (영호오동),횡성군
윤재현,gyeongsugim@live.com,070-2035-5878,27,M,경상북도 수원시 팔달구 언주05가,김포시
유정훈,fgim@ju.com,033-564-0471,72,M,세종특별자치시 종로구 영동대로 (서윤박면),수원시 팔달구
이예은,yeweoni@nate.com,019-235-8342,72,M,경상남도 양양군 석촌호수627가 (지우이동),수원시 영통구
김종수,jaehogim@yangseo.net,032-933-2782,37,M,세종특별자치시 북구 백제고분길 (현준김동),청주시 상당구
윤춘자,pjo@jangbag.net,054-373-3825,15,M,전라북도 부천시 원미구 서초대가 (중수이읍),철원군
이종수,li@hanmail.net,032-722-4264,58,M,서울특별시 서초구 도산대로,안산시 단원구
허현주,doyun51@gimgwag.kr,019-252-5595,67,M,충청북도 부천시 소사구 강남대1로 (명숙안김마을),철원군
박경수,yeongilgim@ibaeheo.kr,043-399-9593,79,M,인천광역시 중구 석촌호수623가 (경희김권면),수원시 팔달구
권영자,ijeongja@live.com,053-332-5202,36,F,대구광역시 강동구 잠실302거리,금산군
최우진,anyeongsug@yuhanhoesa.kr,042-215-8230,65,F,울산광역시 양천구 언주7길,고양시 일산서구
권하윤,eunseo72@yu.com,010-8559-5024,45,M,경기도 인제군 영동대6로,안양시 동안구
홍준서,hyeonsug00@yunjinbag.kr,042-758-8902,38,F,인천광역시 종로구 테헤란65가 (하은최이리),서산시
윤예원,mijeongbag@gmail.com,062-211-6325,24,M,울산광역시 남구 압구정가,동두천시
배영자,jeongho99@icoei.com,051-963-0791,42,M,대전광역시 마포구 삼성0가 (하은김읍),과천시
김명자,jeongnami@hotmail.com,031-901-0195,7,F,전라남도 철원군 서초중앙거리 (성호임황면),천안시 서북구
권옥자,yeongceolseo@naver.com,016-034-4514,28,F,경상북도 영동군 선릉57거리 (미영이동),서천군
이명숙,ocoe@nate.com,032-392-1030,27,F,경상북도 성남시 오금78거리 (영순이최동),태백시
장재호,ihyeonjeong@hotmail.com,044-661-3090,50,F,서울특별시 금천구 학동171길,성남시 중원구
강성현,seoyeongcoe@nate.com,016-619-7053,63,F,전라북도 강릉시 백제고분82거리 (영자최강마을),용인시 처인구
김예준,nbag@nate.com,051-714-1128,73,M,전라북도 가평군 논현로,과천시
강예진,haeun36@hanmail.net,070-9561-4793,48,M,부산광역시 성북구 강남대6길,정선군
김하윤,juyejun@imgang.kr,061-816-0438,36,F,강원도 안성시 봉은사거리 (광수김면),부천시 소사구
최서영,bagyeonggil@gimgimseong.kr,018-126-5013,9,F,경기도 고성군 잠실로 (서현송동),화천군
노준서,seojun05@jangangang.com,016-042-0800,19,F,경상북도 서산시 강남대90길,양구군
김예은,noyeongja@live.com,062-284-5102,67,M,광주광역시 노원구 도산대636로,청주시 흥덕구
전서준,scoe@igweonbae.org,055-254-2495,21,F,강원도 평창군 가락0가,증평군
김지현,seonyeong31@gimgohan.kr,062-586-6884,5,F,인천광역시 동대문구 선릉로 (영길문김면),계룡시
양춘자,ygim@dreamwiz.com,051-130-0360,41,F,제주특별자치도 계룡시 잠실거리,부천시 소사구
박정호,pyu@daum.net,043-948-7840,63,M,대구광역시 용산구 학동567거리 (은주강김면),당진시
유지연,eomyunseo@hotmail.com,019-679-8803,78,F,전라남도 평창군 오금거리,청주시 청원구
곽민준,tyun@jusighoesa.kr,061-458-3367,77,M,대구광역시 노원구 학동37길 (영일박동),성남시 중원구
양옥순,agim@jangjogim.com,019-403-1973,22,M,강원도 단양군 강남대08길,단양군
김재호,junyeongi@live.com,070-5368-6649,76,F,광주광역시 동대문구 석촌호수5가 (은정손박읍),공주시
권혜진,pbag@live.com,016-741-0207,23,F,강원도 부천시 원미구 서초중앙2가 (성수서리),홍성군
권민지,mgu@naver.com,053-518-9707,6,M,대구광역시 중랑구 서초중앙로 (상훈김읍),삼척시
김순옥,vgim@munbag.net,041-662-9333,24,M,광주광역시 구로구 잠실4가,안양시 만안구
이성현,seonghyeonhong@nate.com,043-470-5914,21,F,강원도 용인시 개포가,구리시
김영철,jiayang@nate.com,062-507-4849,58,F,광주광역시 동작구 학동636가,양구군
이영길,gweonsangceol@live.com,019-190-4646,42,M,전라남도 청주시 서원구 강남대거리,동두천시
이지연,tbag@ii.org,018-649-8873,77,F,대전광역시 노원구 테헤란97길 (서영박마을),충주시
김지현,yeongjinbag@baggim.com,041-624-9644,79,F,울산광역시 서구 서초대길 (영일한김동),양구군
서명숙,boram15@yuhanhoesa.org,041-527-5426,65,M,제주특별자치도 철원군 석촌호수길,청주시 흥덕구
최영호,minseogim@live.com,070-1017-9690,37,F,광주광역시 강동구 개포가 (수민김리),의왕시
박현우,bageunji@ju.kr,070-9450-6477,77,M,강원도 김포시 학동거리 (성현김읍),평택시
성서영,jaeho71@simgangi.net,051-215-6357,5,F,울산광역시 강북구 가락31거리,성남시 분당구
이현주,yeongsun13@ju.com,070-1717-2050,52,F,서울특별시 도봉구 개포로,성남시 수정구
박명자,junseo81@ii.org,017-734-8004,42,F,경기도 청주시 흥덕구 학동83길 (은경김읍),속초시
김숙자,jiyeong95@daum.net,031-071-5303,71,M,강원도 아산시 테헤란822로,과천시
이정식,igim@jusighoesa.org,061-098-4403,10,M,강원도 안양시 만안구 강남대길 (현주윤류면),제천시
김준영,ui@angimbag.org,017-847-0832,76,F,서울특별시 중랑구 영동대길,홍성군
곽춘자,yejin11@ju.kr,042-363-3109,78,M,대구광역시 강서구 역삼거리,오산시
주성호,yeongceolson@yu.com,02-0497-0530,35,F,울산광역시 중구 봉은사23로,아산시
최순자,ccoe@live.com,032-435-2996,48,M,부산광역시 중랑구 학동7가,청주시 청원구
김지연,gyeongja30@hanmail.net,063-568-8979,24,M,충청북도 성남시 수정구 석촌호수가,서천군
이하은,areumgim@gmail.com,033-212-3660,24,F,전라남도 김포시 백제고분545길 (서현배김리),고양시 일산서구
허승민,bagjimin@yu.kr,019-949-6625,9,F,부산광역시 송파구 삼성가,군포시
윤상철,seungmin67@nate.com,044-644-0793,46,F,부산광역시 관악구 학동3거리,시흥시
이예은,jeongunggim@gimi.com,052-570-2473,16,M,제주특별자치도 평택시 논현거리,증평군
박지영,sumingim@dreamwiz.com,053-390-2279,21,M,대전광역시 중랑구 학동2가 (영식김손동),태백시
권진호,coeminseog@gmail.com,032-313-2025,10,F,강원도 부천시 반포대가,정선군
강성수,pgang@coeobag.org,042-708-5628,30,M,충청남도 고성군 삼성53가,김포시
장영수,ogim@ju.com,051-294-3545,67,M,인천광역시 서대문구 역삼205가,서산시
이수민,cunjai@yu.com,051-095-3908,40,F,대전광역시 성동구 학동703거리,화성시
김영미,miyeong32@seongi.org,061-004-4929,65,F,대전광역시 종로구 반포대로 (정수문이마을),고양시
김진우,jinhoi@jusighoesa.kr,018-835-9666,59,F,강원도 보령시 백제고분로,청주시 흥덕구
박민재,yeonghyijin@songimgim.com,032-607-8572,35,F,경기도 수원시 장안구 양재천3길,여주시
노서윤,hgim@yu.kr,064-786-8863,52,F,부산광역시 서초구 삼성751거리 (지은김마을),수원시 팔달구
구성호,jangsanghun@ii.org,044-606-4750,48,M,충청북도 옥천군 서초중앙58로,홍성군
이성훈,iseoyun@naver.com,032-929-9687,35,M,대구광역시 관악구 삼성가 (건우김마을),하남시
김현지,cunja59@daum.net,018-685-4999,14,M,충청북도 안산시 테헤란로,파주시
김명자,seonghyeongim@naver.com,062-060-3124,23,M,경상북도 군포시 학동길,동두천시
권서연,seungmin53@hanmail.net,032-147-2264,53,F,대전광역시 중랑구 서초대428가,성남시 분당구
신정숙,minseo27@daum.net,070-0360-1165,55,F,충청남도 동두천시 백제고분로 (준호노박면),청주시 청원구
김순옥,gimyeeun@guseo.com,053-020-3923,57,F,세종특별자치시 송파구 서초대거리 (은주손조읍),동해시
류수빈,gimjunhyeog@naver.com,019-089-8081,6,M,대전광역시 관악구 삼성77거리 (하윤이마을),음성군
이성민,jeonghyi52@ju.org,070-7867-7415,33,F,강원도 성남시 양재천로,수원시 팔달구
이은서,joogja@bagi.net,070-6977-5144,78,F,서울특별시 강서구 오금5거리,안성시
한혜진,misug34@naver.com,070-4552-2168,26,M,경상남도 강릉시 역삼6로 (영일이읍),수원시 장안구
류주원,bjo@jeonghong.kr,017-960-7611,23,F,울산광역시 강북구 석촌호수295길,시흥시
김지훈,seonyeong56@hotmail.com,033-173-1007,32,M,경상북도 김포시 강남대507길,의정부시
김선영,hyeonsugseong@gimgimgim.org,041-728-9961,56,M,경상남도 수원시 장안구 선릉가,홍천군
김진호,iseongho@gmail.com,053-659-7182,26,F,경상북도 정선군 반포대13길,이천시
박춘자,pgim@hanbagi.com,042-197-4036,76,M,인천광역시 동구 서초대4가,부천시 소사구
박영숙,jomyeongsug@gweonryu.net,041-297-3736,14,M,제주특별자치도 진천군 석촌호수3길 (정호심이리),성남시 수정구
문혜진,jeongja43@yungimgim.com,052-948-1659,46,M,부산광역시 노원구 양재천길,광명시
김예원,eunjiyun@gmail.com,064-734-7147,72,F,대전광역시 동구 반포대919가,춘천시
손지혜,yeongsughan@gweonbaggim.org,054-425-0982,62,F,경상북도 하남시 봉은사64길,동해시
노영숙,gimeunju@hotmail.com,041-391-3005,15,M,세종특별자치시 종로구 가락40길 (시우김마을),의왕시
양영숙,jiyeong03@nate.com,042-676-6099,47,F,경상북도 부여군 강남대0가,용인시 기흥구
황미영,hyeonji97@naver.com,063-653-8127,77,M,인천광역시 양천구 언주가,철원군
안정훈,seoyeong76@yuhanhoesa.org,017-494-5076,21,F,경상남도 진천군 오금거리 (영길장이동),안성시
김예원,junho04@gmail.com,055-689-1756,26,F,부산광역시 은평구 백제고분63길 (현정최마을),삼척시
이영식,jihyeonseo@nate.com,054-179-7801,57,F,서울특별시 북구 영동대540가 (동현윤김읍),음성군
손서연,isunog@naver.com,070-9266-0333,80,M,경상북도 고양시 일산동구 오금6길,아산시
김현숙,gyeongsuseo@gimiseo.kr,010-6782-2049,80,M,경상북도 성남시 언주가 (민지김리),청주시 서원구
장영수,yeongho26@nate.com,017-637-2480,61,F,서울특별시 서구 오금길,가평군
이유진,ujuweon@dreamwiz.com,055-189-1459,42,M,충청남도 용인시 기흥구 서초중앙5가,원주시
김광수,jiu60@naver.com,052-400-6719,40,F,대구광역시 구로구 강남대가 (보람최차마을),이천시
김정호,joyejin@ju.kr,032-181-0174,34,M,충청남도 화천군 봉은사344로 (민석구면),시흥시
김아름,ugim@yu.kr,052-813-5721,16,F,서울특별시 노원구 학동길 (영순박윤리),강릉시
고진호,geonu35@nate.com,011-169-4763,31,M,서울특별시 강동구 영동대거리 (서연김최리),안양시 만안구
김명자,bagdohyeon@gimheoi.kr,02-2685-4624,78,M,울산광역시 강남구 선릉3길 (서현박임리),이천시
이정남,kgim@yu.com,051-552-7798,18,F,세종특별자치시 강서구 삼성0거리,아산시
하광수,sangho58@gmail.com,064-793-7099,5,M,강원도 홍천군 서초대788길,안성시
권은지,csim@gimgimbag.kr,043-108-6966,41,M,전라남도 구리시 영동대가 (미숙최마을),수원시 장안구
강정웅,eunseoheo@hangimgim.org,010-2629-1274,39,F,울산광역시 중랑구 테헤란가,부여군
임지훈,gimujin@ihong.kr,063-866-0844,36,M,인천광역시 양천구 양재천가,광주시
박준서,simseunghyeon@gimgimcoe.net,032-388-5382,20,F,경상남도 아산시 선릉가 (재호김하마을),남양주시
김보람,jeongho98@live.com,052-849-8986,26,F,경상남도 괴산군 백제고분52길,가평군
장정웅,xno@gimgimno.kr,031-450-6884,25,M,서울특별시 성북구 백제고분426로 (성호고읍),수원시 팔달구
윤지은,seohyeonjeong@nate.com,032-618-2628,73,M,인천광역시 서구 테헤란316길,이천시
김혜진,gbag@yuhanhoesa.com,054-859-2241,7,M,인천광역시 성동구 논현46길 (영수이김면),서천군
최정순,seohyeoni@hanmail.net,019-955-7911,20,F,세종특별자치시 은평구 언주457길 (영식이이리),부여군
차성민,qhwang@live.com,041-114-7479,16,F,부산광역시 금천구 도산대가 (은정홍읍),동두천시
김보람,coejiu@gmail.com,053-634-7414,11,M,서울특별시 마포구 잠실78로 (예준이동),예산군
최수빈,subin37@jeongcoe.org,054-364-7125,67,M,대전광역시 동작구 압구정가,홍성군
장준호,mbag@ju.kr,044-012-9631,22,F,충청남도 예산군 언주2거리,청주시 청원구
박영일,jiyeongbag@nate.com,052-588-7113,64,M,인천광역시 강동구 강남대거리,강릉시
김예원,gweonmyeongsug@jeonan.com,031-412-3576,10,M,세종특별자치시 용산구 잠실668길 (승민박면),삼척시
김현우,sujin55@hanmail.net,017-528-6050,79,M,제주특별자치도 양구군 가락821길 (미영김마을),횡성군
김정웅,jeongsugjang@jusighoesa.com,043-167-8317,18,F,전라남도 홍천군 테헤란6로,청주시 흥덕구
이정훈,hanboram@yu.com,032-857-7706,28,F,충청남도 의정부시 영동대2거리,포천시
이영길,gimogsun@nate.com,061-359-6396,32,M,인천광역시 서초구 양재천6가,삼척시
김은주,jiyeongson@yu.net,051-315-7188,52,F,인천광역시 동대문구 역삼081로,의왕시
손아름,xi@baggimi.kr,051-692-8199,27,M,울산광역시 강북구 오금28가,홍천군
김성민,yangseunghyeon@gmail.com,063-293-4091,8,M,대전광역시 영등포구 언주가,화성시
박영자,di@janggimgim.com,042-296-4751,70,F,전라북도 보은군 도산대거리 (정수차김읍),태안군
김영호,sanghyeon24@naver.com,062-568-5591,20,F,전라남도 평택시 테헤란가 (민수박동),용인시 수지구
성영일,fgo@yuni.net,010-7568-8408,67,F,세종특별자치시 서구 반포대7가,동두천시
오영진,jiu74@yu.net,032-862-4508,31,M,부산광역시 동작구 오금9길 (지우이리),부천시 오정구
김보람,ugim@yu.com,064-744-7410,44,F,전라북도 시흥시 서초대로,파주시
김성수,yejuncoe@yuhanhoesa.org,043-318-6186,72,M,부산광역시 송파구 도산대거리 (정호류면),옥천군
최영식,jeongsun06@live.com,053-585-3547,34,M,인천광역시 동구 오금로,안양시 만안구
서정숙,zgo@gmail.com,052-896-1527,32,M,대전광역시 동작구 개포79길,파주시
장채원,iminsu@gmail.com,061-968-0377,52,M,세종특별자치시 동대문구 선릉거리,횡성군
김명자,seongjini@naver.com,043-316-3799,6,M,충청남도 의왕시 강남대1로,남양주시
이주원,gwangsugim@noi.kr,051-150-3318,66,M,인천광역시 동작구 테헤란로,수원시 영통구
안명자,mi@jusighoesa.net,033-059-0615,34,F,충청남도 천안시 서북구 테헤란길,의정부시
권민서,ki@dreamwiz.com,064-728-8998,14,M,전라북도 보령시 도산대3길 (수진김민마을),원주시
최미숙,minji20@hanmail.net,019-503-2252,34,F,부산광역시 용산구 가락길 (숙자엄신리),오산시
김승현,ieunju@goryui.com,062-587-8032,27,M,경상북도 고양시 도산대길,성남시 수정구
정민준,gimjeongsig@coegu.kr,019-656-0681,9,M,부산광역시 서초구 언주가 (성호김리),정선군
노상철,ji@hotmail.com,016-802-4407,29,M,세종특별자치시 도봉구 잠실가,수원시 영통구
강시우,sanghunhong@yuhanhoesa.com,031-225-7031,20,M,광주광역시 서초구 봉은사19로,안양시
김순자,yeonghyihong@hongson.kr,017-052-8396,79,F,강원도 천안시 동남구 백제고분27거리 (정숙이면),천안시 서북구
한춘자,ri@live.com,061-833-9186,29,F,서울특별시 광진구 봉은사거리 (상호심면),양주시
김영숙,myeongjaryu@gimjang.kr,062-444-7435,39,F,제주특별자치도 연천군 선릉2로 (현우한리),논산시
박준서,sujingang@heogim.com,019-222-3480,41,M,세종특별자치시 성동구 가락거리 (건우김읍),양주시
이옥순,jeongnam53@nate.com,033-295-7555,52,F,세종특별자치시 용산구 양재천12로,성남시 수정구
임옥자,cunja50@nate.com,070-0987-4222,36,M,광주광역시 강동구 봉은사길,화천군
최정훈,lgim@yu.kr,032-572-0192,30,M,제주특별자치도 철원군 반포대803로,고양시 일산동구
이예준,yeongsugim@iicoe.com,031-987-7732,61,M,경기도 태안군 논현62길,청주시 청원구
김수진,wbag@live.com,064-735-2838,44,M,대구광역시 구로구 서초중앙2거리 (서영김마을),영동군
배종수,jeonghoi@coejin.com,055-973-7122,22,F,전라남도 구리시 개포길,과천시
황예진,heocunja@gimgimbag.com,044-533-6866,9,M,인천광역시 영등포구 반포대가,안산시 단원구
고동현,seunghyeoni@naver.com,052-975-8407,42,M,인천광역시 도봉구 테헤란787로 (성호안동),수원시 영통구
윤도윤,mijeongi@daum.net,043-836-9068,76,M,울산광역시 은평구 도산대거리 (미정이안리),청주시 상당구
김정호,yeongsug05@yangseo.kr,063-180-9628,26,M,충청북도 의정부시 삼성41로 (순자오서리),천안시 서북구
정시우,hyejin04@naver.com,010-7465-2983,67,F,경상북도 영동군 언주가 (하은이동),화성시
심명자,bgang@ii.com,062-710-3148,17,F,부산광역시 강동구 선릉064로 (보람이박동),고양시 덕양구
김재현,jungsui@igim.kr,063-694-4832,23,M,충청북도 성남시 중원구 가락80거리 (정남고마을),안양시 동안구
전예준,simyejun@daum.net,041-263-5728,39,M,전라남도 태백시 양재천로,정선군
김승현,noeungyeong@ju.net,011-643-8016,77,F,서울특별시 서대문구 봉은사로,부천시
문영환,uryu@jusighoesa.com,017-521-1200,67,F,경상북도 홍성군 논현25길,제천시
박윤서,syu@naver.com,018-350-0919,30,M,충청북도 화성시 삼성37로 (예진김마을),홍성군
김영희,hayun71@ju.com,032-227-4776,70,F,서울특별시 동작구 잠실로,의왕시
박서영,subin18@ijeonhong.com,062-126-2178,80,F,충청북도 양양군 가락3로 (명자오김마을),영월군
김서영,jongsu40@daum.net,011-276-2670,9,F,대구광역시 은평구 오금로 (민준김리),청주시 상당구
최하은,jeongyunseo@daum.net,018-556-1832,71,M,강원도 안성시 선릉50로,부천시 소사구
오경숙,gimyunseo@live.com,044-684-1257,37,F,광주광역시 용산구 논현39거리 (윤서김박면),안양시
이민재,seojun36@dreamwiz.com,016-735-5002,45,M,전라북도 아산시 반포대5거리,홍천군
박정훈,bagjeongja@gmail.com,053-338-5100,12,M,인천광역시 금천구 백제고분거리,파주시
노상현,eunjui@gmail.com,070-1498-9444,52,M,전라남도 서천군 도산대141로 (민수주오동),보은군
홍성호,seongmin85@jusighoesa.org,044-492-1386,33,M,충청남도 동두천시 영동대거리 (상철박동),시흥시
박정자,iseohyeon@gmail.com,010-3410-4677,61,F,부산광역시 마포구 강남대379가 (춘자구전면),삼척시
오지훈,jisugja@dreamwiz.com,052-522-0019,64,F,서울특별시 구로구 잠실가,의정부시
최지훈,kna@sonyun.com,063-840-3928,18,M,광주광역시 동대문구 테헤란48로 (광수이양마을),구리시
박재현,ngim@gimi.kr,063-108-4152,24,F,인천광역시 서초구 테헤란거리,김포시
엄도현,geonugim@gimcoe.net,044-794-6308,13,M,인천광역시 서초구 서초대13로 (상훈유동),부천시
양상훈,rsong@naver.com,032-298-9992,46,F,세종특별자치시 중구 서초대거리,청주시 청원구
김영자,bi@dreamwiz.com,042-092-4327,17,M,서울특별시 영등포구 테헤란로,포천시
박건우,seoyeongbag@naver.com,033-106-1062,11,M,강원도 파주시 양재천거리,인제군
박서연,seunghyeono@naver.com,064-741-5228,58,F,대전광역시 강동구 개포75거리,안산시 상록구
김정자,doyunju@yuhanhoesa.com,010-1497-6446,29,F,인천광역시 강북구 반포대1로,청주시 서원구
김민준,abag@hanmail.net,063-100-5786,25,M,충청북도 홍천군 영동대2길 (지훈류김동),보은군
이예은,jeongsughong@hanmail.net,019-869-8097,15,F,울산광역시 강남구 서초중앙거리 (현숙김면),용인시 기흥구
안혜진,jinuseo@hanmail.net,052-604-0790,11,M,경상남도 철원군 백제고분거리,이천시
심서연,cgo@hanmail.net,063-252-1204,62,F,경상남도 괴산군 강남대4길,수원시 영통구
김하은,jeongja12@hanmail.net,054-548-4792,37,F,경기도 공주시 영동대길,안양시 만안구
이은주,hyeonjungo@daum.net,016-359-4813,65,M,대전광역시 북구 양재천30거리 (예은박면),성남시 중원구
김지혜,gimsanghyeon@igimi.com,054-883-7446,72,F,부산광역시 서초구 테헤란920길,부천시
김현우,jihu01@yuhanhoesa.com,018-611-7300,64,F,충청남도 고양시 덕양구 강남대거리 (광수최면),강릉시
송숙자,bagyeonghyi@nate.com,043-574-2965,50,F,광주광역시 서대문구 역삼1가,양양군
김정순,sangceol36@hanmail.net,019-029-2472,38,M,부산광역시 강북구 언주096로 (은영박문동),고양시 일산동구
홍현지,minseo66@naver.com,017-051-9345,46,M,제주특별자치도 고양시 덕양구 테헤란18거리,부여군
박영진,junseoyun@yuhanhoesa.com,032-493-5584,55,F,울산광역시 강동구 테헤란62가,안양시 만안구
김상철,mgim@seoi.org,033-534-8992,6,F,광주광역시 도봉구 가락가 (영수최이동),증평군
윤민준,zi@dreamwiz.com,033-675-6740,75,F,세종특별자치시 도봉구 역삼465로 (순옥한읍),충주시
이진호,jihu80@sonhwanggim.com,031-521-2772,45,F,세종특별자치시 마포구 잠실로,청양군
김동현,borami@dreamwiz.com,043-733-9892,7,F,경상북도 옥천군 테헤란01길,파주시
이중수,jiyeonseo@honggimi.kr,02-0344-2978,68,M,인천광역시 은평구 언주가,남양주시
김예은,donghyeonsong@gmail.com,033-183-7839,9,F,전라북도 부천시 서초대7길 (상철이황리),증평군
이재호,jiweon61@ibagnam.net,043-248-7940,49,F,세종특별자치시 마포구 테헤란316길,부여군
김순자,oyejun@dreamwiz.com,061-203-9056,42,F,서울특별시 용산구 도산대5로 (재현이면),양주시
노영진,bagmisug@jusighoesa.com,054-561-2515,50,M,울산광역시 구로구 서초중앙거리 (정훈이리),양평군
장영진,bagjeongho@yuhanhoesa.com,032-986-4444,22,F,충청북도 청주시 상당구 서초대길 (현정허김마을),속초시
한윤서,seohyeon48@daum.net,044-454-2969,80,F,울산광역시 성북구 개포거리 (지후유이동),수원시 장안구
김준영,xnam@yuhanhoesa.kr,063-134-7087,24,M,강원도 평택시 강남대로 (동현홍노동),천안시 동남구
최서윤,bagjunseo@daum.net,044-574-9610,31,M,부산광역시 관악구 양재천거리 (지은최이동),괴산군
한영자,hyeonsuggim@yu.org,032-316-6956,29,M,경기도 시흥시 잠실2거리,보령시
송선영,ogsun99@gmail.com,054-166-9357,65,F,대구광역시 서대문구 오금24로,용인시 수지구
김현우,byeongceol56@dreamwiz.com,054-376-0952,61,F,강원도 성남시 중원구 봉은사가 (성진장김리),부여군
이서현,boram09@live.com,017-721-6728,61,M,대전광역시 동작구 삼성457로 (은주조서리),수원시 권선구
김민재,eunjii@live.com,063-442-8386,16,M,충청남도 원주시 반포대07길 (도윤최안마을),음성군
김정자,yejihong@bagcoemun.org,043-784-1422,59,F,경상남도 남양주시 서초중앙53거리,용인시 수지구
양현우,gimyeongho@gimgo.org,018-702-5704,48,F,울산광역시 도봉구 가락거리 (정호김동),동해시
손도윤,ycoe@gimryu.com,051-563-6933,28,M,부산광역시 용산구 반포대2가 (수진이박리),안양시 만안구
양도윤,jan@anibag.kr,010-9452-0245,35,M,세종특별자치시 동대문구 강남대로 (지현이마을),안성시
백종수,baggyeongja@icoe.com,070-9406-8983,54,F,충청남도 용인시 양재천길,청양군
이중수,iseunghyeon@nate.com,032-233-1737,61,F,전라북도 충주시 가락281거리 (은경이면),인제군
최성민,coejinu@naver.com,02-8003-5614,44,M,강원도 부천시 도산대86가 (수민김박면),원주시
박현주,ogim@daum.net,016-262-0758,68,M,인천광역시 동작구 영동대924가,양평군
이성진,isanghyeon@hanmail.net,052-813-4115,20,F,울산광역시 양천구 삼성가,파주시
박미경,minseog22@iii.net,010-7448-0128,20,M,부산광역시 영등포구 백제고분405길,당진시
이은정,yeongsig82@nate.com,070-2170-1160,42,M,경상남도 동두천시 압구정270가 (현숙홍김동),평택시
김은경,myeongja47@daum.net,043-753-2878,51,F,대전광역시 성동구 선릉541거리 (예지이동),용인시 기흥구
김경숙,gweonyeonggil@live.com,016-900-9016,5,F,경기도 청양군 가락21가 (혜진이동),단양군
박지민,lryu@live.com,042-898-1314,50,F,강원도 양구군 잠실040거리,충주시
권상철,jieun64@gimi.kr,019-803-1530,42,M,세종특별자치시 구로구 석촌호수로,횡성군
윤건우,seojun73@naver.com,041-905-6248,80,M,제주특별자치도 동두천시 학동길,가평군
강정식,sugja39@daum.net,044-724-1074,72,F,세종특별자치시 양천구 선릉5로 (예지김리),평택시
이서준,jiyeong57@hotmail.com,031-950-5217,44,F,광주광역시 중랑구 서초중앙가 (순자이면),화천군
우서연,yujingim@ju.net,019-139-1396,67,F,대전광역시 광진구 학동로 (건우오면),금산군
홍수진,baggyeongsu@live.com,055-657-9377,70,M,서울특별시 양천구 개포516로 (수빈김마을),이천시
김성현,ai@yuhanhoesa.kr,062-657-0301,48,M,대구광역시 노원구 반포대860로,파주시
백상현,ryuseoyun@daum.net,032-848-4657,68,M,경상북도 논산시 서초대8길 (우진김손면),화성시
김성수,yunseoo@hotmail.com,054-659-2855,47,F,충청남도 고양시 일산동구 언주길 (준영이홍읍),고양시
윤준서,gweongyeonghyi@ju.com,070-7414-0894,36,F,부산광역시 강서구 선릉551가,청주시 흥덕구
황준서,idoyun@jusighoesa.kr,052-857-4991,39,F,전라북도 평창군 도산대로,수원시 영통구
최지은,igim@songhong.org,02-1596-1704,54,F,부산광역시 서대문구 반포대가,예산군
문하윤,caeweon30@naver.com,055-073-7164,21,M,울산광역시 노원구 삼성가,강릉시
이시우,seongsubag@jusighoesa.net,02-6632-0723,31,F,대전광역시 종로구 오금892길,안산시
이지후,yeweonbag@ii.com,053-347-3277,20,F,경상남도 안양시 가락거리,부천시 오정구
김동현,hyeonju23@naver.com,061-808-2009,64,F,충청남도 안산시 상록구 선릉4로,안양시 동안구
김지은,areum80@naver.com,032-003-7038,47,M,대전광역시 영등포구 반포대8길 (하윤이읍),서산시
최정숙,seojeonghun@igimgim.com,052-477-9598,29,F,대구광역시 동대문구 강남대245가,논산시
이현주,ibyeongceol@jusighoesa.kr,064-710-1329,53,F,세종특별자치시 마포구 테헤란거리 (민지최안리),금산군
김은정,eunju39@nate.com,054-791-8296,72,F,충청북도 태안군 백제고분거리 (정웅박면),홍천군
손상호,iyeongil@yu.com,051-499-1038,9,F,대구광역시 성북구 학동길,동두천시
김준혁,myeongjagweon@bagbag.kr,051-466-2089,32,F,세종특별자치시 용산구 가락거리,파주시
양상훈,iyeongjin@honggim.com,011-262-8544,76,F,제주특별자치도 광주시 봉은사029가,안산시
이영환,eunjeong77@ju.org,064-755-5134,73,F,충청남도 천안시 동남구 잠실15거리 (중수권이동),양양군
김진호,sugja85@live.com,043-118-2687,67,F,제주특별자치도 고양시 덕양구 백제고분240로,성남시
이순옥,gyeonghyi62@yuhanhoesa.kr,051-247-1428,66,M,충청북도 보은군 양재천47가 (영일박문동),수원시 영통구
김경자,chong@hanmail.net,018-763-8537,55,F,서울특별시 영등포구 학동276가,이천시
박현준,jongsu24@live.com,064-784-7098,32,F,경상남도 아산시 오금06가,제천시
김수빈,jeongwangsu@daum.net,011-334-1115,26,M,충청북도 의왕시 오금로 (지은박김동),고양시 덕양구
장하은,jiweongang@inam.net,016-477-3049,9,M,부산광역시 영등포구 압구정가,강릉시
송영호,seoyungim@daum.net,016-851-6714,7,F,경기도 청양군 양재천길,안양시 만안구
홍경수,si@hotmail.com,054-828-1837,26,M,경상북도 부천시 오정구 선릉거리 (지후김권읍),수원시 권선구
최정호,oi@iigang.org,051-482-6372,27,F,전라남도 양주시 테헤란8거리 (미정김리),아산시
권지훈,gimseunghyeon@daum.net,018-718-2429,34,M,경상북도 고양시 일산서구 역삼1로,단양군
이지민,eunjeongyang@nate.com,055-752-3291,66,F,세종특별자치시 용산구 서초대47길 (진호구김리),성남시 분당구
류은영,minjae22@yu.net,053-125-7702,17,M,전라남도 고양시 일산서구 잠실거리 (하윤이동),강릉시
진정웅,myeongsug87@iyang.net,019-643-9467,39,F,경기도 부여군 학동거리 (정웅배마을),파주시
최성현,yeongceolcoe@naver.com,054-028-8122,32,M,광주광역시 서초구 선릉262길 (상훈김리),의왕시
구성훈,yeonghwangim@naver.com,032-766-7576,76,M,제주특별자치도 보령시 압구정51가,충주시
김영철,jseo@hano.org,061-416-0354,15,F,광주광역시 서대문구 선릉길 (혜진이박면),안양시 동안구
이시우,eunyeongjo@ii.com,070-4049-1531,50,F,강원도 부천시 서초중앙가 (정숙김마을),성남시 수정구
김경자,mijeong81@jingimbag.org,011-043-1719,8,M,전라남도 화성시 석촌호수791길 (정순박박마을),아산시
민시우,xgo@hanmail.net,064-716-1091,48,F,경기도 부천시 백제고분34거리,안산시 상록구
이정식,eunji39@daum.net,011-841-1079,20,F,강원도 이천시 영동대0가,천안시 동남구
조민석,gangseongmin@gimhong.com,070-3662-8154,68,M,대구광역시 강동구 양재천길 (민지김동),정선군
김지혜,sbag@gmail.com,019-771-5298,46,F,전라남도 예산군 언주39길 (예은박면),성남시 중원구
김도윤,jeongnamjang@jusighoesa.com,018-255-4109,60,M,울산광역시 남구 잠실가 (지후전면),수원시 팔달구
김재호,bageunyeong@jusighoesa.com,051-624-6296,66,M,제주특별자치도 당진시 가락052가,오산시
강종수,coejeongsun@nate.com,011-281-1094,55,F,서울특별시 서대문구 오금95길,군포시
최지원,hyejin41@yu.org,031-091-7860,5,M,경기도 횡성군 영동대거리,연천군
김현우,sgim@bagbaggim.com,016-963-0863,60,F,울산광역시 성북구 논현09길,양구군
김미숙,jeongjai@gimganghong.net,055-395-1409,43,F,경상남도 청주시 상당구 서초대8로,홍성군
엄현준,jiu10@gimisong.kr,044-556-4989,76,M,경기도 파주시 오금644로 (서현김박리),보은군
노예은,gimsanghyeon@iigim.com,016-918-1051,53,M,대전광역시 성동구 테헤란로 (재현이마을),양평군
김영자,yeongjin34@jusighoesa.kr,019-411-3808,6,F,인천광역시 성동구 개포8로,남양주시
윤준영,yi@hotmail.com,02-6607-8553,25,F,제주특별자치도 공주시 논현32가,의왕시
서도윤,qyang@hanmail.net,042-094-0858,22,M,경상북도 안산시 상록구 테헤란0거리 (도윤이마을),제천시
김준서,jeonghyio@daum.net,041-928-7907,68,M,서울특별시 중랑구 영동대5로 (상철정리),예산군
지도윤,yeongjin58@gimobag.org,044-590-7839,13,M,인천광역시 은평구 논현거리,부천시 오정구
조정남,bgu@jusighoesa.kr,011-423-1147,76,F,인천광역시 동작구 압구정3길,속초시
이성진,xcoe@yu.com,011-805-2956,31,M,광주광역시 강동구 역삼758거리,안양시 만안구
이정식,jia88@live.com,044-565-5440,44,F,인천광역시 강서구 테헤란19길,천안시 서북구
김정호,seungmin13@yu.com,053-895-5710,54,F,강원도 안산시 서초대618길,청양군
이영환,yeonghyi01@sinryu.kr,019-481-9753,7,F,대구광역시 중구 도산대742가 (건우류이마을),고성군
이아름,dohyeongim@hotmail.com,055-379-9003,53,M,울산광역시 도봉구 잠실거리,동두천시
권영숙,gimsubin@hotmail.com,011-352-7173,38,F,광주광역시 중구 테헤란길,옥천군
이영숙,ai@gmail.com,041-357-3878,13,F,인천광역시 중구 역삼98길,정선군
류영일,jungsugim@hotmail.com,054-475-5506,72,F,충청남도 충주시 백제고분3길 (서현이강면),양평군
박미정,gbag@nate.com,010-5375-1875,5,F,전라남도 청주시 청원구 논현377길 (성수김장동),청주시 상당구
이영미,kbag@yuhanhoesa.com,062-533-2014,47,M,광주광역시 서구 봉은사길 (은영김장마을),공주시
김숙자,najihun@hanmail.net,070-3858-0500,33,M,충청북도 괴산군 테헤란183가,양양군
장미영,isugja@daum.net,041-675-8342,31,F,부산광역시 중구 반포대길,원주시
박민수,minjijang@gimgimgim.kr,064-743-2102,23,F,경기도 청주시 상당구 백제고분6가 (순자오박면),포천시
최은정,minjun85@naver.com,064-786-8967,23,F,경기도 부천시 소사구 영동대6길 (지혜오이마을),평택시
김우진,ijiweon@live.com,044-059-3693,59,M,전라북도 논산시 가락3길 (은영박정읍),서산시
황현준,sineunseo@sonijeong.com,044-419-4559,47,M,충청남도 공주시 가락거리,과천시
최우진,yunseogim@hanmail.net,055-398-5681,38,F,경상북도 평창군 도산대가 (예진장리),여주시
이민준,ibag@naver.com,016-974-1032,41,F,광주광역시 강동구 강남대가 (지훈김동),안양시 동안구
서성수,jinu64@jusighoesa.kr,031-106-7752,54,F,울산광역시 노원구 잠실108로 (지현오노동),철원군
한채원,myun@yunjang.com,044-250-9218,17,M,제주특별자치도 철원군 양재천거리 (중수김읍),아산시
유은경,ho@naver.com,02-8348-4610,62,M,전라북도 용인시 처인구 서초중앙길,연천군
김지아,gimhyeonu@hanmail.net,070-1057-1040,26,F,울산광역시 관악구 압구정06로,당진시
이민지,miyeongcoe@live.com,062-077-0621,11,M,울산광역시 성북구 영동대5거리,안산시 상록구
이민수,jeongsugim@naver.com,017-171-2704,47,M,광주광역시 강서구 서초대60가,원주시
최성호,yeongil69@dreamwiz.com,041-880-8084,9,M,강원도 동두천시 개포56거리 (재호김이읍),안산시 단원구
최성진,gangjongsu@hwangmuno.kr,052-896-3383,58,F,대전광역시 광진구 양재천006거리 (지연진이읍),청주시 상당구
최민석,ijeongja@ju.kr,032-610-0509,58,F,서울특별시 서구 가락로 (영길진읍),양양군
한현정,gimsubin@seoijang.net,031-641-5930,17,M,울산광역시 양천구 봉은사거리 (지아이이리),보은군
이정순,misug93@iyangcoe.com,044-107-0380,62,M,제주특별자치도 수원시 논현47가 (민석임동),안산시
박혜진,cjo@ju.com,019-350-9093,75,F,서울특별시 동구 봉은사로,안양시
박재호,junyeong48@gmail.com,062-061-3529,47,F,부산광역시 강서구 삼성007가,용인시
류정수,ogjaha@gimicoe.com,011-315-8481,52,M,울산광역시 강북구 역삼거리,논산시
성아름,minjae76@ganggim.com,054-179-3525,36,F,경상북도 과천시 개포가 (현정김김읍),태안군
배정수,siuson@daum.net,033-515-0944,19,M,부산광역시 서초구 압구정가 (춘자김동),청주시 청원구
홍은정,hbaeg@gmail.com,044-059-5417,32,M,충청북도 평택시 강남대길 (은지백읍),단양군
김은서,seongsubae@naver.com,032-090-4506,15,F,대전광역시 성북구 선릉441로,음성군
권예원,iminseo@nate.com,011-002-9184,11,F,울산광역시 서초구 도산대가 (성현손면),가평군
박은서,yeongjin08@gimhan.kr,016-167-7056,56,M,서울특별시 관악구 도산대길 (경숙신이리),용인시 처인구
이도현,angwangsu@ju.com,070-9631-4635,9,M,충청남도 수원시 권선구 반포대21거리 (서현김동),수원시 권선구
양서준,junho45@hangim.org,042-877-9888,57,M,전라남도 춘천시 역삼108로,철원군
김혜진,yejin44@ju.com,043-115-3638,18,F,전라남도 동두천시 언주939로 (춘자한읍),하남시
임재호,yeweon16@yu.org,054-918-7274,19,M,전라남도 이천시 양재천로,금산군
이영자,dohyeon31@yu.kr,070-1077-6971,33,M,경기도 서천군 백제고분가 (은주이동),성남시 수정구
이옥자,ysong@daum.net,061-735-9398,56,F,부산광역시 남구 개포43가 (서윤이리),진천군
강준혁,ljin@dreamwiz.com,061-857-2098,71,M,경상남도 연천군 논현길 (선영최허읍),진천군
송민지,sanghuni@hanmail.net,019-583-2227,16,M,서울특별시 강남구 백제고분길 (수빈안백읍),안성시
류정남,bgang@hotmail.com,016-338-7790,62,M,대전광역시 송파구 역삼1길,아산시
서진우,goseoyeong@naver.com,041-165-6327,61,F,세종특별자치시 강남구 압구정77가,제천시
곽성민,bagujin@jusighoesa.com,052-121-2323,42,F,경상북도 진천군 논현62가 (미정윤김마을),서산시
이채원,msong@hanmail.net,062-785-1003,52,F,인천광역시 북구 개포로,충주시
이정수,di@daum.net,054-936-9338,40,M,부산광역시 영등포구 선릉길,광주시
김영자,icoe@janggim.com,070-5201-0460,39,F,전라남도 군포시 영동대가 (영환허동),용인시
남준호,yeongja87@gmail.com,055-229-0518,60,F,강원도 삼척시 영동대141거리,천안시 서북구
황정호,jiu01@ju.kr,062-509-2095,38,M,대전광역시 강서구 삼성73길,고성군
황서윤,sunjai@hanmail.net,010-6141-4402,70,M,제주특별자치도 음성군 봉은사로 (옥자강이읍),수원시
최지우,hseong@ju.kr,044-398-0673,69,F,전라북도 청주시 흥덕구 삼성길,예산군
황승민,yeeuni@gimi.com,02-1277-4623,66,F,경상남도 옥천군 봉은사가,아산시
김영숙,jaehyeon24@yu.kr,018-694-5776,51,M,경기도 보령시 역삼로,고양시 덕양구
한현주,jeongunggim@ju.com,019-324-2894,47,F,경상남도 안산시 서초중앙로 (서윤이동),수원시 권선구
이수진,seojimin@nate.com,064-758-5710,64,M,인천광역시 종로구 백제고분길,단양군
송숙자,myeongsug58@yu.com,070-8226-1675,73,F,강원도 포천시 강남대223길 (도윤권최동),충주시
김준서,ki@dreamwiz.com,064-742-2168,17,F,경상북도 동두천시 테헤란로,연천군
박지아,jiyeon93@naver.com,02-1240-0486,6,F,대구광역시 중랑구 역삼가 (현준이김읍),구리시
김지민,ayu@ii.com,044-487-1528,44,F,부산광역시 은평구 서초대8거리,충주시
한재현,jihyei@ryugang.net,064-717-9565,24,F,충청남도 제천시 언주로,안성시
류진호,jeongsug60@coeeom.com,031-330-3959,73,M,대구광역시 중랑구 학동가,철원군
손성진,dbae@nami.net,052-394-2381,32,F,경상남도 연천군 서초대611가 (건우김면),여주시
심서영,mgim@hanmail.net,044-973-0240,26,F,충청북도 청양군 삼성57길 (재현구마을),의왕시
민정자,yeongjinyang@gwaghwangseo.com,043-259-3766,46,M,대전광역시 양천구 석촌호수가 (지연허마을),계룡시
이정순,jeonghyi17@ju.kr,044-178-4258,17,F,강원도 과천시 도산대로 (건우성이동),인제군
김순옥,ihyeonji@naver.com,043-264-7732,11,M,충청남도 구리시 반포대길 (도윤전이동),영월군
이우진,sujin84@nate.com,010-0231-8188,36,M,제주특별자치도 옥천군 가락길,양양군
박채원,seoyeon48@jusighoesa.com,052-084-5932,7,M,경기도 서천군 반포대1가,용인시 수지구
조영진,fgweon@coeina.org,031-772-7914,22,M,제주특별자치도 횡성군 백제고분로 (지현윤마을),부여군
류예진,siujo@ju.kr,070-0649-0286,40,M,전라남도 인제군 강남대가,금산군
이예준,jeongjai@naver.com,019-262-6521,35,M,경상북도 인제군 양재천로 (도윤성리),부천시
나진우,myeongja86@hotmail.com,010-6660-9095,63,M,충청남도 영동군 선릉가 (현지강마을),논산시
서정수,jeongunggim@yuhanhoesa.com,044-862-4567,80,F,강원도 수원시 영통구 역삼907거리 (준영박동),청주시 상당구
박재현,seoyeongim@jusighoesa.com,042-273-0788,53,F,강원도 원주시 반포대로,오산시
이준호,igo@yuhanhoesa.com,061-667-3675,36,M,강원도 옥천군 서초대길,포천시
나예은,ecoe@jusighoesa.net,032-908-6693,17,F,전라북도 인제군 압구정길 (은주홍강리),수원시
김지현,jangdonghyeon@live.com,032-173-8281,70,F,전라북도 서산시 오금335거리 (현정김동),서천군
박지은,seonyeong74@gangigim.com,044-247-2113,79,F,인천광역시 중구 양재천92거리,속초시
김하윤,vgim@hotmail.com,064-712-3395,7,F,서울특별시 성동구 잠실523가,안산시
김민서,gwangsu65@ju.net,043-331-6368,80,M,광주광역시 금천구 영동대06거리 (중수김면),보은군
권승현,xcoe@gmail.com,010-7593-0622,57,M,충청남도 제천시 압구정012길 (민석구심마을),홍성군
이수민,mgim@hanmail.net,044-972-7425,8,F,제주특별자치도 천안시 동남구 언주로 (동현이마을),광주시
이종수,eunjuju@yuhanhoesa.kr,016-298-3943,41,F,충청북도 양평군 석촌호수000거리 (정남강동),당진시
윤현지,yeeun39@anbae.com,019-951-0424,29,F,전라북도 양주시 도산대067가 (혜진이읍),성남시 분당구
이영자,ihyeonjeong@yuhanhoesa.com,011-014-5556,30,F,경상남도 연천군 테헤란길,진천군
김준서,yi@naver.com,017-055-0449,36,M,강원도 부천시 소사구 언주길,고양시 일산서구
김은서,yeweon20@daum.net,02-8700-8118,5,M,대전광역시 양천구 강남대거리 (예원박읍),당진시
이중수,cjang@dreamwiz.com,011-312-1438,57,M,강원도 성남시 중원구 개포7거리 (정훈박양리),이천시
박서준,yeongsun06@ju.kr,011-292-1563,75,F,강원도 수원시 팔달구 반포대52로,오산시
송영식,ogim@hanmail.net,061-207-7285,71,M,광주광역시 성북구 언주로 (정식김이리),하남시
송예은,jeonghyigu@seohan.com,043-764-5696,55,F,울산광역시 강동구 봉은사거리 (경수류신동),제천시
박수진,sanghyeon13@hotmail.com,041-999-8165,36,M,강원도 삼척시 개포49로 (하은이김읍),보령시
장서현,yi@yu.com,044-646-4014,11,F,인천광역시 중구 논현468거리 (정웅배읍),옥천군
이지현,jeonghogim@jinisin.com,041-744-7350,21,M,서울특별시 노원구 봉은사로 (영식류한리),청주시 흥덕구
장성현,yejigim@ii.org,070-9909-2352,34,M,대구광역시 강남구 테헤란길,여주시
박민지,yeongjai@gimgimgim.kr,011-220-7448,22,F,경상북도 홍천군 선릉48거리 (민지김면),충주시
김정수,dgim@live.com,010-3893-7723,48,M,대구광역시 서구 개포53길,동해시
주승민,caeweonjang@ganggimjang.net,017-670-5539,33,M,강원도 옥천군 서초대길,여주시
양상호,ugim@ryuijang.kr,017-473-4468,71,F,대구광역시 은평구 양재천길 (미정이면),오산시
이중수,myeongsug28@icoe.org,02-2425-6028,47,F,울산광역시 중구 학동318거리 (진호최이면),안양시 동안구
김채원,sheo@daum.net,070-2689-3596,5,M,경상북도 서산시 양재천8가,천안시 동남구
김하윤,gimeunju@naver.com,041-530-9325,50,F,세종특별자치시 동구 학동93길,청주시 상당구
최영순,myeongja11@coegim.kr,070-2170-8095,44,F,울산광역시 노원구 삼성7거리,단양군
민예은,sunoghong@daum.net,054-579-2937,9,F,충청북도 서산시 삼성324로,양주시
한예준,bbag@live.com,042-087-9912,15,M,경기도 괴산군 삼성가 (예지진리),용인시 처인구
박중수,jiabag@baegju.kr,052-715-4560,79,F,전라남도 여주시 봉은사1로 (진우김이마을),구리시
오재호,gimhyeonsug@ryucoe.org,053-244-3394,27,M,부산광역시 중랑구 테헤란길 (지영고박리),포천시
김영길,jeonghyi03@hanmail.net,031-129-2832,48,M,경기도 이천시 서초중앙거리,청양군
이선영,hyeonu71@seoi.org,043-574-1087,28,M,부산광역시 구로구 압구정가,의정부시
임은정,songeunjeong@gimgim.com,033-350-4649,57,F,세종특별자치시 강남구 양재천로 (현정김면),천안시 동남구
김영숙,ijeonghun@jusighoesa.kr,041-702-1586,14,M,대전광역시 동대문구 가락거리 (서준차이마을),영동군
김민서,yeongjao@iyunyang.kr,016-736-5161,30,F,대전광역시 종로구 봉은사44길,연천군
성민재,misuggang@live.com,02-5653-3009,73,M,제주특별자치도 청주시 상당구 석촌호수길,청주시 서원구
박성민,yeweongim@icoe.kr,041-880-3526,70,F,충청남도 예산군 서초대7길,논산시
이영자,ihyeonjun@baeibag.com,043-122-0423,35,M,부산광역시 은평구 역삼로 (정희문최마을),양구군
서영미,gimgyeongja@hanmail.net,044-553-7083,24,F,세종특별자치시 은평구 도산대가 (성호오구리),영동군
한성훈,gimcaeweon@igim.kr,051-879-8627,50,F,충청북도 태백시 선릉376로,고양시 덕양구
이옥순,donghyeon40@hotmail.com,010-6536-7710,54,M,부산광역시 동구 백제고분9가 (성훈홍리),의정부시
노현준,sanghyeonbag@gimgim.org,017-456-1614,41,F,충청북도 부천시 오정구 서초대28로 (지은성임면),의왕시
남준영,sunja94@jusighoesa.net,043-061-5232,44,M,대전광역시 중구 서초대355거리 (영호황송리),태백시
박미경,hyeonu24@hanmail.net,016-174-1974,53,M,서울특별시 성동구 영동대0로 (성민홍마을),서산시
고영자,iseoyun@yuhanhoesa.com,052-783-9026,51,F,충청남도 성남시 중원구 압구정로,서산시
장선영,gyeongjahan@ju.com,051-793-0602,30,M,경기도 보령시 삼성7길,고성군
김지우,munsangceol@hanmail.net,032-301-1357,63,M,대전광역시 영등포구 오금93길 (성수조면),성남시 중원구
조채원,gimyeongsun@yuhanhoesa.com,063-912-8197,21,M,광주광역시 강동구 역삼가,부여군
박현주,co@songgimi.net,042-062-2449,79,F,서울특별시 동대문구 강남대길 (영수송리),포천시
홍순자,myeongja96@yuhanhoesa.kr,019-148-2092,27,M,경기도 안양시 석촌호수길 (순자이이리),삼척시
홍춘자,seonghyeonnam@hanmail.net,018-561-3288,75,F,세종특별자치시 동작구 서초중앙297가,용인시 수지구
윤우진,yeongmi72@ju.kr,031-525-4576,37,M,경상북도 평택시 삼성45길,영월군
이하윤,minjaei@daum.net,054-121-2589,35,M,인천광역시 북구 봉은사길 (예원장허면),인제군
이아름,ynam@gimjo.org,063-521-0180,51,M,경상남도 여주시 선릉32거리,부천시 원미구
손종수,janghaeun@ju.net,052-229-1050,37,M,경상북도 천안시 서북구 잠실90거리 (정호강진동),청양군
양은영,angyeonghyi@gmail.com,070-1295-0281,69,M,부산광역시 강동구 강남대2가 (현정김김읍),양양군
박현정,yeongsu06@naver.com,033-552-6020,16,M,세종특별자치시 강서구 오금로 (미경강이리),의왕시
우도윤,cunjaha@daum.net,042-308-0859,68,M,강원도 영월군 서초대3가,천안시 서북구
박민준,eunyeongcoe@ryui.com,033-198-5724,68,F,제주특별자치도 안산시 잠실길,보령시
한상현,hyeonjeongbae@yu.org,016-655-6927,57,F,서울특별시 구로구 봉은사4로,용인시
이서연,vbag@yu.kr,061-174-1098,45,F,경기도 여주시 반포대로,파주시
이지우,yeweonbaeg@yuhanhoesa.org,070-1259-7975,10,M,대구광역시 마포구 테헤란0거리 (현우박김면),금산군
백지원,lbag@yuhanhoesa.org,010-9418-0872,78,M,강원도 수원시 압구정48거리 (경자배우마을),양주시
김승민,siuseo@gmail.com,063-944-6829,50,F,전라남도 수원시 팔달구 서초중앙67길,고양시 덕양구
장영철,hyeonsug18@giman.kr,016-176-1589,11,F,울산광역시 중랑구 논현가,수원시
한현준,sanghogim@yu.com,054-076-6430,60,M,세종특별자치시 강남구 오금길,충주시
강지민,jiyeonghwang@bagjangyun.org,063-618-6623,10,M,인천광역시 영등포구 압구정거리 (현우박마을),홍성군
최영수,minjibaeg@gimhwang.com,033-145-4639,47,F,인천광역시 금천구 서초중앙171가,부천시 오정구
박준혁,gimyeongil@hwangjo.com,019-637-6737,63,F,세종특별자치시 중구 테헤란길 (영미이한리),서산시
남민석,sanghyeon17@jusighoesa.com,033-060-1922,18,M,제주특별자치도 천안시 동남구 논현거리 (재호이최마을),아산시
이명자,ijeongsu@jusighoesa.kr,010-6979-3800,73,F,전라남도 계룡시 석촌호수72거리 (현지이고면),파주시
양영식,seunghyeon68@dreamwiz.com,033-805-4776,9,M,인천광역시 북구 압구정가 (하윤오박읍),수원시
황보람,anyeongsu@imbaghan.com,044-079-9486,33,F,대구광역시 용산구 반포대가 (은주김마을),하남시
오도현,sbae@ju.org,032-899-4754,40,M,서울특별시 양천구 석촌호수길,원주시
박동현,jomigyeong@nate.com,019-530-9278,40,M,강원도 청주시 흥덕구 가락0로 (재호김박동),제천시
박영숙,oyeji@live.com,044-955-9634,69,F,대구광역시 송파구 역삼640로,예산군
서영환,geonucoe@nate.com,016-222-6407,73,M,부산광역시 금천구 가락길,안산시 상록구
김예지,xhan@dreamwiz.com,018-923-4245,66,M,제주특별자치도 성남시 테헤란가,괴산군
장병철,jangseoyeon@live.com,062-142-3900,36,M,인천광역시 서대문구 압구정가,수원시
문정수,sinhayun@nate.com,033-442-2006,54,F,인천광역시 금천구 논현453거리 (진호류마을),용인시 처인구
김지혜,eungyeong24@hotmail.com,063-922-2640,31,F,인천광역시 동대문구 역삼5길 (준영김마을),의왕시
송지연,seoboram@ju.org,018-952-2854,37,F,충청남도 평택시 봉은사8거리,인제군
김상철,gimgyeongsu@naver.com,017-044-9708,79,M,충청남도 군포시 가락747가,예산군
김지혜,eunjeong93@jusighoesa.kr,062-019-3122,56,F,제주특별자치도 보령시 서초대가 (현지안윤읍),속초시
김혜진,gimjeongnam@bagyun.kr,042-337-3895,80,F,울산광역시 관악구 서초중앙86거리 (서영김김리),파주시
박경수,seoyun97@yuhanhoesa.kr,033-739-9512,54,F,광주광역시 서초구 봉은사57거리,구리시
배정숙,jieunjeong@hanmail.net,054-194-5368,53,F,경기도 태안군 잠실8거리,청주시 상당구
김수진,doyun35@daum.net,070-1194-7976,25,M,서울특별시 양천구 가락길,오산시
양경희,qbag@hanmail.net,042-109-5915,79,M,충청남도 청주시 상당구 언주로,영동군
김정남,jihun72@jusighoesa.net,061-436-2410,18,F,대전광역시 강서구 서초중앙29거리 (순자한오면),청주시 흥덕구
배경자,gimjihu@yu.com,070-3538-9737,28,M,충청북도 수원시 서초중앙길 (예준허이동),용인시 처인구
최정훈,mi@igim.com,042-065-6575,63,F,전라남도 용인시 처인구 논현가 (정숙한리),화성시
진정희,doyun27@hanmail.net,042-917-6165,11,F,인천광역시 광진구 도산대8로 (현준이면),양주시
이지영,heojia@naver.com,019-927-2816,39,F,울산광역시 북구 양재천505거리 (순옥이리),청양군
권정남,ogjabag@ryugang.com,044-342-4841,69,M,서울특별시 동대문구 영동대로 (경수전최리),양구군
남순옥,doyunjeong@live.com,051-298-2014,58,F,광주광역시 동대문구 언주56가,부천시 소사구
고서윤,jiyeong49@nate.com,010-2912-0787,10,F,대전광역시 마포구 선릉길 (영숙이동),음성군
김현주,bagseoyeon@nate.com,061-745-7906,18,F,전라북도 충주시 석촌호수가 (건우이한동),제천시
김유진,gangminsu@ju.com,063-666-6998,67,M,광주광역시 용산구 개포길,용인시 기흥구
김성진,tjeon@naver.com,053-455-0810,19,M,광주광역시 서대문구 석촌호수길,평택시
황상훈,seonghyeongim@ju.net,017-406-2391,5,M,대전광역시 관악구 잠실거리,안양시 동안구
김지민,zcoe@yunbag.com,018-735-3197,65,M,광주광역시 중랑구 선릉거리,군포시
최지우,zheo@gmail.com,017-587-6414,42,F,강원도 평택시 선릉가 (영길한한면),부천시 오정구
김상호,bbag@seojinbag.net,011-019-5718,38,F,경기도 구리시 가락길,서천군
장영환,gimjeongho@live.com,054-192-6673,28,M,강원도 인제군 영동대거리,양주시
이정호,sangceolgim@coebag.kr,018-549-6342,36,F,울산광역시 동작구 석촌호수6길 (현우이동),안산시 상록구
이준혁,jiyeongim@yuhanhoesa.com,016-428-5887,32,F,서울특별시 종로구 삼성가,과천시
진시우,jeonghyibag@ii.net,02-3059-5157,51,M,대전광역시 강북구 백제고분가 (성진박리),아산시
이미정,yeonggilyun@live.com,053-281-8718,70,F,충청북도 용인시 수지구 학동로,태백시
김은주,yeongceolryu@gimgimgwag.kr,041-712-6786,69,M,광주광역시 마포구 선릉길 (민석한읍),용인시 기흥구
이지혜,eunjinam@nate.com,061-039-2858,64,F,세종특별자치시 용산구 서초중앙35길,단양군
김영식,eunjeongyang@nate.com,010-9471-7971,5,F,광주광역시 동작구 테헤란거리,보은군
김민수,jeongsungim@gimi.kr,043-853-5074,13,F,충청남도 연천군 도산대8거리 (영희배권리),서산시
이정숙,sbag@nate.com,010-7536-0110,27,F,충청남도 증평군 테헤란78로,가평군
이재호,minseobag@nate.com,011-932-8023,16,M,서울특별시 강동구 압구정281거리 (현준김마을),태백시
권민재,migyeongji@gimgim.org,051-813-9357,34,F,전라북도 계룡시 논현가,용인시 처인구
김우진,qgim@daum.net,010-6971-0691,49,F,경상북도 고양시 덕양구 서초대가,청주시 흥덕구
조성수,siu54@icoei.net,052-787-9008,76,M,경상남도 이천시 반포대로,청주시 서원구
강중수,myeongsugheo@naver.com,042-471-3032,76,M,제주특별자치도 양평군 언주로,안성시
김성수,bagsugja@naver.com,055-907-2242,41,F,인천광역시 종로구 논현644로 (미정이면),오산시
허지우,ggim@daum.net,055-613-0510,50,M,전라남도 홍성군 개포가,안양시 만안구
정도윤,ubag@naver.com,010-7905-9089,20,F,대구광역시 동작구 오금3길 (준혁강마을),안양시 동안구
차은서,yeonghwan85@yuhanhoesa.com,042-509-0854,38,M,인천광역시 도봉구 양재천가 (광수이최읍),계룡시
한민수,hgim@live.com,011-053-6062,18,F,세종특별자치시 남구 선릉3가 (경자최마을),삼척시
이재현,byu@seoyuni.kr,017-098-7367,15,F,울산광역시 양천구 언주거리 (하은홍마을),옥천군
한지현,hyeonjun32@nate.com,070-4758-8250,58,M,충청남도 태백시 양재천거리,김포시
최서연,gimjunho@gmail.com,064-775-4071,43,M,충청북도 예산군 논현084거리,춘천시
오준영,yeonggilbag@ju.net,044-226-0084,31,M,강원도 포천시 양재천길,삼척시
김현정,seonghun95@live.com,061-745-0729,5,F,대전광역시 성북구 잠실길,춘천시
이예진,isangceol@naver.com,043-903-4758,22,F,경상남도 단양군 백제고분로 (수진강김리),춘천시
김수진,egweon@live.com,017-073-9883,25,M,경상북도 안산시 역삼52길,아산시
김승현,yjang@dreamwiz.com,043-957-2189,13,M,강원도 양양군 서초대85로 (경숙이김면),춘천시
김미영,jieun68@hotmail.com,032-196-0385,53,M,전라북도 의정부시 오금1가,수원시 팔달구
박미영,ojang@naver.com,033-817-0085,63,M,울산광역시 강남구 가락길 (숙자김이면),음성군
이상철,eunjeong29@hotmail.com,070-1264-8518,40,F,광주광역시 용산구 서초중앙길 (정순윤최마을),시흥시
권채원,juweon11@hotmail.com,018-071-1412,15,F,인천광역시 동구 압구정가,구리시
김정남,rbag@naver.com,019-692-6571,29,F,대전광역시 금천구 가락862로 (경희이강동),인제군
김서현,wi@nate.com,016-431-5160,63,F,전라북도 속초시 압구정로,오산시
우승현,jeongsig08@hotmail.com,052-250-4495,65,M,대전광역시 중구 봉은사7길,수원시 권선구
박정순,tu@gimijang.kr,054-656-9577,51,F,전라북도 보령시 도산대길 (승현박마을),양주시
황지은,tmun@naver.com,017-656-8843,30,M,강원도 영동군 영동대로,연천군
나민석,jeonghuni@hotmail.com,044-584-8749,17,F,경기도 제천시 논현7길,옥천군
조상현,jeongungbag@live.com,02-1364-2633,80,M,강원도 가평군 개포로 (옥자김면),용인시 기흥구
이지민,sinbyeongceol@gweonryu.net,051-292-1448,57,F,서울특별시 은평구 삼성90가,평창군
손준호,iyeweon@jogim.org,041-228-3662,24,F,경기도 아산시 백제고분749거리,원주시
박준혁,bagogja@live.com,016-538-0387,45,F,제주특별자치도 안성시 학동로,보은군
남상철,gimyeongsun@hanmail.net,019-499-1638,65,F,대전광역시 양천구 반포대312가,고양시 일산동구
김춘자,sangceol79@hotmail.com,070-4640-6525,24,M,대전광역시 강북구 서초대17길,용인시 처인구
최도현,ojeongho@gimheo.com,010-3885-3046,17,F,대구광역시 송파구 서초대16길,의왕시
최서준,ehong@nate.com,031-864-3452,14,F,경상북도 충주시 강남대1로,성남시
이서윤,seonghun76@jusighoesa.kr,017-178-7052,62,M,경기도 진천군 학동26로,청주시 서원구
김승현,jinho22@gmail.com,031-121-8889,11,M,충청남도 홍천군 반포대길,부천시 소사구
이정희,dohyeon36@hanmail.net,011-528-9395,35,M,충청남도 제천시 강남대로 (영식심읍),공주시
이정희,josanghyeon@naver.com,018-766-8545,30,F,경기도 충주시 백제고분419가,양평군
최윤서,yeonggil35@yu.com,033-063-7053,57,M,인천광역시 동작구 학동길 (민서손읍),의정부시
홍예원,sunoggim@gmail.com,044-876-9431,70,M,강원도 청주시 서원구 양재천28길 (영희김리),시흥시
서재현,sujingim@live.com,055-401-4192,38,F,광주광역시 송파구 선릉가 (영식이마을),안산시 상록구
김지훈,eunyeong45@dreamwiz.com,043-397-5709,21,F,전라북도 하남시 양재천거리,부여군
한수빈,yejin81@hongigim.com,054-439-7407,27,M,경상북도 안산시 단원구 오금길,태안군
김준호,gimjeongsu@live.com,018-768-3465,33,M,세종특별자치시 성동구 언주67길,용인시 처인구
엄서연,yeonggil10@naver.com,063-954-3219,31,M,강원도 용인시 처인구 영동대로 (수빈윤박마을),가평군
이하은,juweon23@jusighoesa.com,033-149-9287,30,F,전라남도 광명시 서초중앙로,평택시
이정희,ogim@daum.net,016-560-2980,22,F,전라남도 성남시 수정구 반포대길 (은영안양리),공주시
서민준,ijeongja@dreamwiz.com,061-777-7384,80,F,대전광역시 북구 강남대704길,부천시
이하은,pcoe@hotmail.com,010-8976-4121,42,M,인천광역시 마포구 가락4거리 (영식김권동),원주시
김재현,minseog09@daum.net,042-263-4987,37,M,전라북도 안산시 단원구 학동가 (민서이동),성남시 수정구
최은영,iyeongmi@ju.com,044-701-2065,35,F,광주광역시 종로구 테헤란거리,정선군
남정자,iyeji@ihan.com,043-212-7933,50,F,울산광역시 강남구 삼성93가,의정부시
이상훈,jihyeon48@ju.com,033-979-5610,52,F,충청남도 단양군 강남대길,삼척시
김예은,gbag@dreamwiz.com,052-653-6767,42,F,충청북도 성남시 양재천6거리 (동현이면),영동군
김지영,gyeongjagim@gmail.com,031-180-5393,47,F,서울특별시 서초구 잠실115로 (지영김김리),당진시
안진호,sinseunghyeon@daum.net,017-791-4733,26,M,경상북도 음성군 오금거리 (미영박동),고양시
김성훈,jihungim@coegimbag.org,070-3326-1672,22,M,광주광역시 구로구 영동대960거리,용인시 처인구
이하윤,gimboram@yu.net,041-151-7209,8,M,강원도 시흥시 삼성길 (은경노동),하남시
윤준호,seonghyeon64@gimbag.net,042-384-4001,5,F,경상북도 동두천시 언주29가,안산시 상록구
양민재,gangjeongnam@gwagigim.net,044-023-5626,58,M,전라남도 청주시 흥덕구 서초중앙2길,가평군
김상호,yunjuweon@nate.com,053-341-0360,46,F,대전광역시 중구 압구정길,태안군
이성민,jiu72@gimbagseo.com,064-788-9598,57,F,서울특별시 강서구 도산대873길,고양시 일산서구
곽영희,gimhaeun@gimgim.com,017-110-2097,50,F,경상북도 고양시 역삼9가 (시우강읍),예산군
이순옥,jgim@gmail.com,063-950-3559,9,M,경상북도 진천군 서초중앙41거리,안양시
양경숙,gi@ian.org,011-232-4416,25,F,제주특별자치도 광명시 역삼48길 (민수박동),부천시 소사구
김순옥,jinubag@hotmail.com,017-450-4528,18,F,경기도 횡성군 백제고분07길,파주시
김영환,jihugweon@coeyungim.com,061-946-8965,53,F,울산광역시 성동구 개포길,춘천시
김예진,qbag@hotmail.com,062-559-9398,16,F,경상북도 진천군 강남대가 (준호김읍),평창군
김성민,gimhyeonju@daum.net,043-396-5279,16,M,인천광역시 강동구 석촌호수3길,서산시
장동현,bgim@hotmail.com,053-563-4368,47,M,충청남도 홍천군 석촌호수56가,군포시
이건우,sunja52@ocoe.com,070-5856-8610,76,F,대전광역시 관악구 잠실로,수원시 팔달구
나미영,areum34@hotmail.com,055-510-2847,64,F,울산광역시 노원구 선릉282길,고양시 일산동구
김정순,jiuca@yu.com,032-512-1146,40,F,부산광역시 동대문구 테헤란9가,구리시
이민석,areumhwang@dreamwiz.com,02-3622-2461,77,F,전라북도 용인시 기흥구 오금8길 (경희윤읍),부천시 소사구
이경자,eunju47@gmail.com,019-056-7520,76,F,경기도 오산시 강남대거리 (은정김마을),구리시
김경희,bagminjun@jangcoegim.kr,055-657-7492,36,F,울산광역시 동구 잠실6로,평택시
임민수,zhan@ibaeg.com,044-509-9426,30,F,제주특별자치도 천안시 서북구 석촌호수219로 (은주김면),의정부시
이건우,li@gmail.com,061-704-5540,55,F,세종특별자치시 강서구 도산대3가,안양시
김혜진,yeongsug67@yu.net,044-306-9115,73,F,울산광역시 동구 개포5길 (수진김우읍),안양시 동안구
박민준,usong@igim.com,054-150-6331,50,F,대구광역시 북구 학동로,청주시 청원구
김미숙,yeweon61@coebae.com,016-440-5099,14,F,제주특별자치도 여주시 반포대58가 (현정이김읍),삼척시
김예진,yujingim@dreamwiz.com,032-038-3881,27,M,충청남도 철원군 역삼로 (정웅배동),수원시 팔달구
이현준,minjun54@iseong.kr,033-079-3237,12,F,대전광역시 강동구 개포거리,성남시
허상훈,seomiyeong@nate.com,051-330-2124,44,F,경상남도 춘천시 영동대02로,춘천시
문현우,junhyeoggim@hotmail.com,010-7979-8924,50,F,충청남도 안산시 단원구 학동길,용인시 처인구
김민석,acoe@ju.com,018-311-1444,28,F,경상북도 동해시 강남대가,고양시 일산동구
최준서,isanghyeon@isong.com,061-037-4857,78,F,세종특별자치시 중랑구 영동대로,양구군
하영식,qyang@gimyangcoe.kr,055-716-6228,9,F,경상북도 안산시 단원구 테헤란로,서천군
최정순,bca@dreamwiz.com,053-996-5604,12,F,강원도 구리시 석촌호수1길,안산시 상록구
최건우,cunjaseo@yu.kr,033-351-5621,51,M,광주광역시 강남구 압구정633로 (재현최김리),과천시
이준서,seohyeon90@ju.kr,062-740-5440,57,M,충청남도 수원시 언주652가,성남시
임윤서,hongmyeongsug@gimi.net,019-323-2223,56,F,서울특별시 강남구 양재천길 (도윤김김동),보령시
최정식,useong@live.com,042-578-1107,63,F,대전광역시 강동구 서초중앙253길 (서윤장김리),안산시 상록구
김영길,geonu89@naver.com,052-103-0916,29,F,충청북도 성남시 봉은사거리,보령시
진진호,man@daum.net,052-635-1613,72,M,부산광역시 강남구 양재천거리,옥천군
권보람,songsubin@ianno.kr,010-3767-2067,11,M,강원도 금산군 백제고분로,양평군
고아름,jihu21@live.com,052-104-4320,13,M,충청북도 공주시 오금078길,수원시 권선구
장옥순,qgim@daum.net,017-165-1304,10,F,경상북도 안산시 단원구 논현길,옥천군
남정숙,jihun34@hanmail.net,018-729-3131,35,F,광주광역시 동대문구 잠실로,용인시 기흥구
이정웅,igim@live.com,043-321-6663,71,M,울산광역시 광진구 언주7로 (지아이마을),공주시
박숙자,jinu82@yuhanhoesa.com,064-707-4285,60,M,서울특별시 강남구 삼성475가,강릉시
박영철,jeongho05@daum.net,011-946-6280,57,F,전라남도 부천시 원미구 역삼452거리 (준혁김이동),강릉시
김지아,jeonjuweon@ju.net,052-166-0964,72,M,충청남도 당진시 잠실172길,안양시 만안구
민서현,gimjongsu@hanmail.net,051-287-3880,66,F,제주특별자치도 동해시 오금로 (지연김읍),고성군
류미숙,gimdoyun@daum.net,052-870-1389,66,M,울산광역시 종로구 강남대11로 (영식박류면),광명시
이서영,yeongili@yu.net,064-721-5182,26,F,경기도 수원시 권선구 개포가 (민준차정마을),과천시
심승현,seogyeonghyi@gimi.kr,052-646-1131,25,M,충청남도 가평군 서초대길,고성군
김현정,hgweon@live.com,02-3944-0350,58,M,서울특별시 구로구 석촌호수608가 (경숙한마을),예산군
이현주,andoyun@jusighoesa.org,041-616-2844,56,M,충청북도 부천시 소사구 언주573로,수원시 팔달구
김민재,jiweon08@gimihan.kr,010-9147-9418,59,F,경상북도 이천시 논현396로,용인시 처인구
김민석,geonuseong@bagnami.kr,041-145-6947,24,F,대구광역시 영등포구 개포거리 (지민박김면),양양군
김예진,vi@live.com,063-244-8615,76,M,충청남도 예산군 서초중앙13거리,홍성군
김지원,hyeonsugi@gimgim.net,011-534-4471,57,F,부산광역시 성북구 압구정9로,화성시
지영길,tbag@yuhanhoesa.net,053-888-2215,68,M,제주특별자치도 단양군 테헤란가 (은정송동),가평군
오준영,hyeonju70@ryugim.com,061-891-5827,56,F,인천광역시 도봉구 봉은사356가 (춘자이양리),과천시
서은경,gyeongsug80@jangi.kr,053-009-1070,41,F,전라북도 동두천시 삼성거리,평택시
주유진,gimdonghyeon@jangimun.org,055-023-0453,33,M,대구광역시 금천구 오금로,양양군
권정숙,bo@nate.com,019-794-9608,60,M,부산광역시 동대문구 백제고분로,청주시 상당구
최보람,yeweon21@yuhanhoesa.kr,063-713-8260,45,F,세종특별자치시 양천구 양재천길,김포시
김명숙,hyeonu24@naver.com,042-210-0490,47,M,경상북도 태백시 봉은사길 (도현김김동),강릉시
이미숙,seoyeonyang@hongii.kr,042-251-8584,80,M,충청남도 여주시 석촌호수로 (옥자김이면),용인시 수지구
황현숙,isujin@gimgim.net,016-168-1348,32,M,대구광역시 동대문구 가락399가 (정수이마을),평창군
배정웅,yujin13@ibag.kr,02-5343-2327,25,F,인천광역시 동구 오금거리,원주시
박우진,munmijeong@ju.kr,062-975-9454,60,F,인천광역시 노원구 테헤란0길 (우진한김리),부천시 오정구
양성호,siubag@daum.net,064-764-6106,75,M,경상남도 용인시 압구정로 (영호박이리),남양주시
김은영,geonu08@jangsonhan.com,010-6524-9921,34,M,서울특별시 북구 논현5거리,용인시
권준서,yeongsig42@dreamwiz.com,042-976-2087,34,F,부산광역시 성북구 역삼296가,가평군
엄영철,byeongceoli@yuhanhoesa.com,070-8386-7585,61,M,경상남도 태안군 서초대길 (지현노이리),평택시
윤은지,seunghyeonryu@yuhanhoesa.kr,061-062-6267,35,M,충청남도 고양시 덕양구 선릉38거리,안양시 동안구
문경숙,gimogsun@yuhanhoesa.org,044-652-0642,70,M,경상남도 부천시 오정구 백제고분67길 (도윤심동),고양시 일산서구
최예준,ebag@baggim.net,031-459-6367,67,M,대구광역시 은평구 서초중앙로 (지후서면),고양시 덕양구
지우진,coejeonghyi@daum.net,061-143-2601,15,M,대구광역시 북구 삼성098길,광주시
윤영식,dgim@dreamwiz.com,052-732-7831,11,F,대구광역시 금천구 선릉길,용인시
이성수,seongjin92@hongsin.com,02-5070-7141,78,F,대구광역시 서초구 개포19가 (영환이김읍),고양시 덕양구
손영호,gwangsu57@yu.kr,010-9055-8982,78,F,대전광역시 중랑구 잠실7로,옥천군
박미숙,sanghobag@yu.com,017-628-4851,47,F,서울특별시 동작구 언주거리 (하은박김리),구리시
김혜진,gweonyeongsug@ju.kr,018-920-7818,14,F,충청북도 태백시 논현로 (순옥최면),용인시 수지구
김준영,jiu05@anbaeg.net,063-613-7474,10,M,경상남도 음성군 영동대거리 (정호최마을),광명시
하우진,gimseohyeon@jusighoesa.org,031-968-5510,17,M,광주광역시 용산구 압구정72길 (우진지박마을),삼척시
한도현,jeonghoi@bagjeon.com,061-157-8942,26,F,경상북도 수원시 장안구 석촌호수28길,수원시
김현준,dcoe@angim.com,061-233-3466,36,F,서울특별시 노원구 잠실길,제천시
